id,domain,status,purchase_price,renewal_price,attractiveness,demand,length,registrar,created_at,expires_at,status_verified_at
282054be-6ef3-4fe7-83e7-a873b6339e70,cuyahoga.day,available,10.55,10.55,medium,low,8,spaceship,,,29/09/2026 10:08
ab73eb7f-213c-470d-8601-f70f443c91c2,thenar.day,available,12.98,16.98,medium,low,6,namecheap,,,11/09/2026 12:51
84fffc7b-3016-4a97-9cff-65a84c622726,floats.day,available,12.98,16.98,medium,low,6,namecheap,,,29/09/2026 23:46
e4d77ea7-7191-465e-9f73-1e35532ce8ae,headlong.day,available,12.98,16.98,medium,low,8,namecheap,,,21/08/2026 01:16
77168c14-3b11-4e14-94fa-16cc47b158cb,kurakkan.day,available,12.98,16.98,medium,low,8,namecheap,,,17/09/2026 15:21
7cd99282-6fa8-4645-b4b2-e014167479fe,passively.day,available,12.98,16.98,medium,low,9,namecheap,,,15/09/2026 19:09
3f9691a2-131a-45fb-a609-18eeab64e33d,tow.day,premium,64.93,64.93,high,low,3,porkbun,,,30/09/2026 13:23
45c32135-65eb-4f07-84d0-7c5ac8076703,alizarine.day,available,12.98,16.98,medium,low,9,namecheap,,,18/09/2026 08:13
0ccfee13-1838-495c-b0cf-8671e1c0a123,shimmery.day,available,12.98,16.98,high,medium,8,namecheap,,,10/09/2026 06:30
66f5a1ed-15b0-4a40-a83f-23c98dc9f8a9,tyrolean.day,available,12.98,16.98,medium,low,8,namecheap,,,11/09/2026 22:33
c6469485-80de-4ce5-b452-69059536e6df,cimarron.day,available,12.98,16.98,high,low,8,namecheap,,,23/09/2026 15:12
0f17e595-ec6f-49a2-9604-ad4e8aed0606,residuum.day,available,12.98,16.98,medium,low,8,namecheap,,,09/09/2026 15:07
b2cbfe98-9522-4ffe-a8af-f04ad26c6e0f,crunch.day,premium,37.7,37.7,high,low,6,namecheap,,,24/09/2026 19:53
7fa64024-85ff-475b-b61d-0536ced99be0,familiar.day,premium,37.7,37.7,high,low,8,namecheap,,,24/09/2026 16:30
6a45aa2b-d39f-4925-8f40-e433f1a35068,cracow.day,available,10.55,10.55,high,low,6,spaceship,,,02/10/2026 04:29
52e1aa55-e252-42a4-b556-4a6b301bb1dc,quartette.day,available,12.98,16.98,medium,low,9,namecheap,,,09/09/2026 07:26
a0ddd663-48ac-4481-8f67-8529417975aa,sion.day,premium,59.2,,high,low,4,unstoppable,,,28/09/2026 06:03
8abbb1b6-a2c3-4cdd-be8e-9ad12dc67461,almighty.day,available,12.98,16.98,high,low,8,namecheap,,,
caeaf15e-de00-41bc-aa07-9f92a0f1aab2,untold.day,premium,37.7,37.7,high,low,6,namecheap,,,12/09/2026 21:37
4aba06f3-1577-46a0-adba-7d4c2cd45d86,below.day,premium,76.7,76.7,high,low,5,namecheap,,,24/09/2026 12:01
2f992b19-b7a6-487f-b366-e4bc0c757817,role.day,premium,167.7,167.7,high,low,4,namecheap,,,25/09/2026 09:54
d6796400-cbb2-4484-a535-f3f6519bd943,vague.day,available,12.98,16.98,high,low,5,namecheap,,,25/09/2026 23:34
8b859411-e3ee-4d1c-823a-3ba09bde7785,serrated.day,available,12.98,16.98,medium,low,8,namecheap,,,03/09/2026 22:08
c96d1c39-ec8d-44fc-9323-f0d126df8928,persecuted.day,available,10.2,10.2,low,low,10,cloudflare,,,30/09/2026 06:36
f1c6255a-a706-4d6f-a5e9-3c8b84d4cec1,banished.day,available,10.81,10.81,medium,low,8,porkbun,,,29/09/2026 16:26
273dce37-480f-4e44-a256-4bad4d92038d,conduction.day,available,10.2,10.2,high,low,10,cloudflare,,,29/09/2026 10:47
5f9661ac-b91c-4bea-9d29-df9a8701b073,divisive.day,available,12.98,16.98,medium,low,8,namecheap,,,14/08/2026 12:32
94d67a69-36e2-4661-bab6-aa3c904d413b,alnus.day,available,19.99,19.99,medium,low,5,name.com,,,18/09/2026 12:53
98d07175-b104-46fe-843e-1a30e9a4efc0,sherlock.day,premium,61.27,61.27,high,low,8,spaceship,,,28/09/2026 15:08
d14e69ab-9a96-49f8-92fd-b3e9fd8b4d56,aac.day,premium,61.27,61.27,high,low,3,spaceship,,,29/09/2026 15:15
354dce1a-f717-453b-be34-b5a175f9b2d2,shades.day,premium,,,high,low,6,,,,28/09/2026 18:53
be7f31eb-e880-4432-96e0-70eb984771a4,pointer.day,premium,37.7,37.7,high,low,7,namecheap,,,20/09/2026 09:27
805e8a45-7d1c-44b1-9af2-7f3a053b0611,magistrate.day,available,10.55,10.55,high,low,10,spaceship,,,01/10/2026 02:56
b3cc7338-36be-4142-bf0c-72fc15381bf0,miles.day,premium,323.7,323.7,high,low,5,namecheap,,,25/09/2026 17:17
234e4f74-bc0a-4bcb-becf-eabb890fea1c,bona.day,available,10.55,10.55,high,low,4,spaceship,,,01/10/2026 04:55
413d432c-1db4-434d-9736-3a2aedcef071,needless.day,available,12.98,16.98,medium,low,8,namecheap,,,03/09/2026 14:55
5679f77e-7fc0-4d69-b944-c786c740129d,testily.day,available,12.98,16.98,low,low,7,namecheap,,,15/09/2026 09:30
bda70ad5-da2a-40e4-88f3-b522c8ee9ec5,powdery.day,available,12.98,16.98,medium,low,7,namecheap,,,18/08/2026 04:39
9c8e80c2-a58b-497e-8d55-c645dfc36c42,amelia.day,premium,76.7,76.7,high,low,6,namecheap,,,18/09/2026 18:15
edacba62-43cb-4d3f-8956-c20deb3571e7,anticancer.day,available,12.98,16.98,high,low,10,namecheap,,,22/09/2026 06:38
e2582915-9487-4abc-b907-d7ec71b67517,shenzhen.day,premium,30.22,30.22,medium,low,8,spaceship,,,29/09/2026 04:19
37e74a7b-7d5c-45bf-9ebc-3164981bc3eb,postwar.day,available,12.98,16.98,medium,low,7,namecheap,,,09/09/2026 00:42
1ab522cf-9939-4bb5-b573-57728f71b7ff,forsake.day,available,12.98,16.98,medium,low,7,namecheap,,,14/08/2026 03:54
ce009ad8-fc72-4d98-8982-72ec31a0cc36,pops.day,premium,76.7,76.7,high,low,4,namecheap,,,18/09/2026 21:55
a53088b4-ad81-4852-9523-f06ebe6d70c1,touched.day,available,12.98,16.98,high,low,7,namecheap,,,25/08/2026 09:12
170a965d-3c45-472e-ae52-ca3fec431a2c,gallican.day,available,12.98,16.98,medium,low,8,namecheap,,,18/08/2026 19:40
8393d1b5-1e59-4647-b482-48b9b580d37b,canadian.day,premium,323.7,323.7,high,low,8,namecheap,,,23/09/2026 12:40
01944091-ca04-43b6-9535-e83d641856f7,plaster.day,available,12.98,16.98,medium,low,7,namecheap,,,17/09/2026 07:59
2782044b-7b88-4b8f-bbec-5c595168be4b,collegial.day,available,12.98,16.98,medium,low,9,namecheap,,,12/08/2026 17:06
c28994a2-abb9-4346-8fb8-cd384d680e3f,surfaces.day,available,16.98,,medium,low,8,namecheap,,,
7e96851e-6f4d-4cd2-8c9c-882c416b9f46,effie.day,available,10.55,10.55,high,low,5,spaceship,,,01/10/2026 05:06
6b31ed8b-4ff7-4b4e-87b5-569202802b7b,consonant.day,available,12.98,16.98,high,low,9,namecheap,,,12/08/2026 20:14
a6c06ee3-0976-40dc-a603-d3eecc3e2ddc,unreached.day,available,12.98,16.98,medium,low,9,namecheap,,,04/09/2026 18:48
18d154c8-6eb5-430d-84ac-c8e773f8800c,metallic.day,available,12.98,16.98,high,low,8,namecheap,,,24/08/2026 21:34
376102ed-70e1-49a2-adfd-983f6306a440,notability.day,available,12.98,16.98,high,low,10,namecheap,,,03/09/2026 22:04
6fb1437a-f349-4e31-bfcc-b93311e2fb7f,requisite.day,available,12.98,16.98,high,low,9,namecheap,,,17/08/2026 13:21
e76438aa-4f5e-4a92-80da-8bd3382ee234,bailee.day,available,12.98,16.98,medium,low,6,namecheap,,,21/09/2026 19:04
7e801025-c341-410e-8c95-b1ac4fb99770,nepa.day,available,14,,medium,low,4,unstoppable,,,01/10/2026 19:45
06af61dc-fba7-4d96-8e03-50dfccfe7502,survives.day,available,10.55,10.55,medium,low,8,spaceship,,,29/09/2026 17:53
1cc2d316-0449-4b7a-a028-b3bf1ea7e06c,platoon.day,available,10.55,10.55,high,low,7,spaceship,,,27/09/2026 15:14
eec62940-0214-4600-baf4-3221c81a67c3,figure.day,premium,167.7,167.7,high,low,6,namecheap,,,24/09/2026 16:50
76ba2a2a-9c90-448c-9099-89e24e9a031a,arabesque.day,available,12.98,16.98,high,low,9,namecheap,,,19/09/2026 23:28
ab49b9cd-7849-45e7-bc2a-9c9f1ac83876,utes.day,available,10.81,10.81,medium,low,4,porkbun,,,30/09/2026 07:10
178341b5-207f-4f71-8042-a967473315db,gestapo.day,available,12.98,16.98,medium,low,7,namecheap,,,29/09/2026 12:44
beda8ab5-5bcc-4188-9984-63798c0b5433,goes.day,premium,167.7,167.7,high,low,4,namecheap,,,25/09/2026 16:38
c886520d-b28c-46f2-a9ef-40b59c013d9c,virtual.day,premium,,,high,medium,7,,,,01/10/2026 02:51
c4a4b8d2-c64f-4786-8a39-229e3f277c44,ixl.day,premium,73.75,73.75,medium,low,3,name.com,,,
d20c01ad-143a-4904-9bcc-f8ee3e0663eb,percussive.day,available,12.98,16.98,high,low,10,namecheap,,,08/09/2026 16:22
818bcf48-d004-4178-b15f-308d88d532f9,sapiens.day,available,12.98,16.98,high,low,7,namecheap,,,19/09/2026 15:49
986cf757-cb1c-4ecc-9e65-c88d45210d0f,runty.day,available,12.98,16.98,high,medium,5,namecheap,,,08/09/2026 19:54
7b2250e5-20d5-4390-8575-8a1bfea99dce,queerly.day,available,12.98,16.98,medium,low,7,namecheap,,,14/09/2026 18:39
4b31b052-42e2-440e-aad0-26c33ccf9057,belittling.day,available,12.98,16.98,medium,low,10,namecheap,,,09/08/2026 13:10
a48ca997-c241-4e17-99f7-dca93c483f93,como.day,premium,323.7,323.7,high,low,4,namecheap,,,27/09/2026 07:01
d0f61697-e4d9-4d83-924b-95d6a3a7f79b,askew.day,available,12.98,16.98,medium,low,5,namecheap,,,07/08/2026 03:31
e70eb185-39e0-48b6-99c8-fbcc672875b2,contextual.day,available,12.98,16.98,high,low,10,namecheap,,,12/08/2026 23:13
8c29d641-eb05-438f-9b4e-455659e5570b,semantic.day,premium,37.7,37.7,high,low,8,namecheap,,,10/09/2026 02:16
4106f052-b2a6-44ea-8bc4-be2774716db6,boulder.day,premium,30.22,30.22,medium,low,7,spaceship,,,28/09/2026 13:35
8ac83211-82e8-4acd-b359-0d1978376e2d,profiles.day,premium,,,high,low,8,,,,30/09/2026 15:45
858c47eb-44cc-4f10-88f6-c64793909ba0,thoughtless.day,available,10.55,10.55,medium,low,11,spaceship,,,01/10/2026 08:10
02fff438-1ffe-481d-bea7-e584f9683e81,ipsus.day,available,12.98,16.98,medium,low,5,namecheap,,,22/09/2026 15:09
5d4f3eb4-e724-4d86-a34f-764c020a80c8,support.day,premium,648.7,648.7,high,medium,7,namecheap,,,08/09/2026 07:15
65b9129d-e70f-4d30-8c47-04cd8773cbb0,lavinia.day,available,10.55,10.55,high,low,7,spaceship,,,30/09/2026 05:09
fcaaf05b-8a13-474b-a81f-5752fa31eaca,lyrically.day,available,12.98,16.98,medium,low,9,namecheap,,,15/09/2026 13:16
480f7ecc-1faf-439d-bcb4-342f16096a1a,delicacy.day,available,19.99,19.99,high,low,8,name.com,,,13/08/2026 15:51
cbdf68a6-4993-4a51-8cb4-49dec0c9c453,falsetto.day,available,12.98,16.98,high,low,8,namecheap,,,17/08/2026 21:33
f474063c-bedb-4e39-982a-53a6057c1b15,amanuensis.day,available,12.98,16.98,medium,low,10,namecheap,,,18/09/2026 15:49
cc2386ce-469c-45f1-98b2-898593e7fe0a,helen.day,premium,76.7,76.7,high,low,5,namecheap,,,25/09/2026 07:10
e7808564-fddf-493e-aa19-ea564aab42b4,babyhood.day,available,12.98,16.98,high,low,8,namecheap,,,21/09/2026 13:48
d6804e69-b645-442e-8b55-7a8baf9ed5ff,hades.day,premium,37.7,37.7,high,low,5,namecheap,,,17/09/2026 20:48
f0e43e2d-e17f-469c-b11b-e39104d070e7,passageway.day,available,10.2,10.2,high,low,10,cloudflare,,,01/10/2026 21:13
a5189ac0-96e6-4495-a6b0-08e48fbddf36,kokka.day,available,12.98,16.98,medium,low,5,namecheap,,,08/09/2026 07:02
15c54a25-b407-47a9-8555-73b6931e3e63,diligence.day,available,10.55,10.55,high,low,9,spaceship,,,29/09/2026 14:59
518dc277-2c4b-420b-acc7-379c278a8e56,bulldozer.day,available,14,,high,low,9,unstoppable,,,01/10/2026 18:51
568fbf00-28dc-4e17-bc44-aa46e3e9dca1,hereditary.day,available,12.98,16.98,high,low,10,namecheap,,,
2cabafad-36fb-4f46-b7c1-50886783d785,innermost.day,available,12.98,16.98,medium,low,9,namecheap,,,22/08/2026 05:53
c9410940-162a-47f2-ba25-e8d46fe520eb,aeschylus.day,available,12.98,16.98,medium,low,9,namecheap,,,17/09/2026 13:19
61fb97b5-48a7-45f9-b5f9-7472413bb3ce,greeted.day,available,10.55,10.55,medium,low,7,spaceship,,,30/09/2026 06:48
2f7b7324-26dc-4f2e-9eb8-3cc1d23edfcd,scalic.day,available,12.98,16.98,medium,low,6,namecheap,,,09/09/2026 22:27
6e6f654f-e8d9-4365-8cac-adf0ca3e3485,portuguese.day,premium,37.7,37.7,high,low,10,namecheap,,,25/09/2026 15:43
4bb0edf9-6d25-4779-8a2b-46ab1b630e6a,brushing.day,available,10.55,10.55,medium,low,8,spaceship,,,29/09/2026 04:50
196eebb8-5416-4ce5-bbe5-8d18f346e8c7,biohazard.day,available,12.98,16.98,medium,low,9,namecheap,,,23/09/2026 18:14
cf49ab37-c429-4124-99b2-90c8f3b63b22,gallons.day,available,10.2,10.2,low,low,7,cloudflare,,,28/09/2026 23:47
485bd43b-c88a-4bc8-a6c4-84433bd53899,mikhail.day,available,12.98,16.98,medium,low,7,namecheap,,,26/09/2026 03:33
78e71d27-4350-40d3-8208-fd57f3e5029f,chosen.day,premium,73.75,73.75,high,low,6,name.com,,,16/08/2026 02:32
4260a8c7-b2e0-4c46-8b32-9be72cbdb47d,betoken.day,available,12.98,16.98,medium,low,7,namecheap,,,21/09/2026 03:31
b9039303-0f4b-45eb-b713-3a0e3b727901,travel.day,premium,1298.7,1298.7,high,medium,6,namecheap,,,24/09/2026 22:30
58c8efc7-8ebf-4352-8da8-fa14b7263104,triplet.day,available,12.98,16.98,medium,low,7,namecheap,,,
9b393453-ca99-4efe-a92d-ee766aa18404,anticlimax.day,available,12.98,16.98,medium,low,10,namecheap,,,19/09/2026 14:16
36c94843-cf41-409a-878a-c102be6f7411,montane.day,available,12.98,16.98,medium,low,7,namecheap,,,25/08/2026 05:41
50a59e90-85a9-4ac1-9309-fea75d72c6d8,austin.day,premium,323.7,323.7,high,low,6,namecheap,,,21/09/2026 04:43
9be76482-c796-48a8-a12b-0a4e995ef582,degrading.day,available,19.99,19.99,medium,low,9,name.com,,,13/08/2026 20:10
464bf078-7713-4eee-9da2-a0b3aeb7fa68,formation.day,premium,,,high,low,9,,,,28/09/2026 05:38
8506c21b-cf99-4e5b-8b83-ec4a9f5aedd0,humans.day,premium,141.35,141.35,high,medium,6,porkbun,,,29/09/2026 23:22
9f66d22d-45e3-4c3b-924c-05355d2458f4,bezel.day,available,12.98,16.98,medium,low,5,namecheap,,,23/09/2026 12:19
d02c9f11-692a-4b7f-b978-130257380034,prophecy.day,available,10.2,10.2,high,low,8,cloudflare,,,28/09/2026 10:47
0b37efb5-b772-4cb7-8db6-2dbaab04b5ca,appraiser.day,available,12.98,16.98,high,low,9,namecheap,,,19/09/2026 22:12
35cdd22a-6338-4dc2-afc3-58674bf0a5c8,octavo.day,available,12.98,16.98,medium,low,6,namecheap,,,16/09/2026 12:43
ddeb3c89-bf5d-48d5-9323-27ae53264f4b,bromley.day,available,14,,medium,low,7,unstoppable,,,28/09/2026 17:16
ac67e63d-c7e9-4f76-809a-c4efa08f549a,fanfare.day,available,10.55,10.55,high,low,7,spaceship,,,01/10/2026 19:32
a17adef5-0fa6-4752-b846-82125c6fdb75,deltoid.day,available,12.98,16.98,medium,low,7,namecheap,,,14/08/2026 00:50
69918e0d-86d7-48ac-ace6-c193a20b1986,bestiary.day,available,12.98,16.98,medium,low,8,namecheap,,,23/09/2026 10:36
6c4789e1-623f-4b74-abaf-427c53468afa,binds.day,available,14,,low,low,5,unstoppable,,,01/10/2026 00:28
4ecdae64-115b-443f-a182-94c60bfafcd5,facetious.day,available,12.98,16.98,medium,low,9,namecheap,,,08/08/2026 14:39
bf4c029b-9971-4d28-b62d-c525cdb918a9,anaglyphic.day,available,12.98,16.98,medium,low,10,namecheap,,,
9648f0c9-79ef-4166-aa0a-d2048efd3446,clanging.day,available,12.98,16.98,medium,low,8,namecheap,,,12/08/2026 09:31
752c2f89-3a2c-4fe1-9cd9-15b8188effb2,banca.day,premium,30.22,30.22,high,low,5,spaceship,,,01/10/2026 04:38
78335cfb-3505-45dc-8333-8789e129d976,exceptionally.day,available,12.98,16.98,medium,low,13,namecheap,,,29/09/2026 03:12
7e617efc-f2b1-4fba-a60f-fc58acd88cce,praetorial.day,available,12.98,16.98,high,medium,10,namecheap,,,09/09/2026 00:59
af8b6e5e-2d27-4067-a128-3bb2ec645605,umpteenth.day,available,12.98,16.98,medium,low,9,namecheap,,,11/09/2026 23:09
c16de676-3b25-4dbf-abee-005c5a2c5e79,ribeiro.day,available,10.2,10.2,high,low,7,cloudflare,,,30/09/2026 21:59
ba82b829-8597-4a34-b5aa-b54a0893bbea,voyager.day,premium,59.2,,high,low,7,unstoppable,,,30/09/2026 11:18
555371f0-ad18-4762-96ca-673c6bf399e4,leaps.day,available,14,,medium,low,5,unstoppable,,,02/10/2026 02:47
adb56c3f-e992-451a-b562-19dad8963771,tess.day,premium,29.2,,medium,low,4,unstoppable,,,28/09/2026 21:56
8fb7052f-8aae-4266-9236-e874deeb6f6a,prescient.day,available,12.98,16.98,high,medium,9,namecheap,,,09/09/2026 01:42
697573a6-f6b5-4d47-8d34-b7cb8cea0ee1,german.day,premium,623.75,623.75,high,low,6,name.com,,,18/08/2026 22:44
f229008e-4a28-4e96-ab95-b300d4004d8f,weaned.day,available,12.98,16.98,medium,low,6,namecheap,,,13/09/2026 08:53
be35da69-c44d-4564-884c-c2564ea3b94e,rebuilding.day,available,14,,high,low,10,unstoppable,,,29/09/2026 20:09
9545300e-4b77-4e83-9bb2-580d3bcc53b5,burch.day,available,10.81,10.81,medium,low,5,porkbun,,,29/09/2026 15:48
a53a2ee3-5e4c-4215-8528-7b458fdc90d6,revocable.day,available,12.98,16.98,medium,low,9,namecheap,,,09/09/2026 16:21
b3667579-1f7f-4989-af22-98b1e137f066,heated.day,available,12.98,16.98,high,low,6,namecheap,,,21/08/2026 02:17
47be57fa-8e77-4d73-9b5d-11f44577df76,cuspid.day,available,12.98,16.98,medium,low,6,namecheap,,,11/08/2026 17:03
4adb486a-81bf-4212-9f57-382f48eb21f4,cleary.day,available,10.55,10.55,medium,low,6,spaceship,,,29/09/2026 15:01
71e49da0-0459-4cc9-b8cd-cf72284a075b,societal.day,available,12.98,16.98,high,medium,8,namecheap,,,10/09/2026 13:11
aedf9376-78db-43cd-a9b7-f920ffdfa6e8,matte.day,premium,76.7,76.7,high,low,5,namecheap,,,25/09/2026 17:39
ddf7a77e-ee4d-436f-a0b4-47be2e9a55bb,domestic.day,premium,76.7,76.7,high,low,8,namecheap,,,19/09/2026 12:54
64c58431-8627-4114-9fb8-9f2a11aa4a58,sightly.day,available,12.98,16.98,medium,low,7,namecheap,,,10/08/2026 18:49
6d41c8c4-7888-4e6c-a09b-44b03a8a261b,erratic.day,available,12.98,16.98,high,low,7,namecheap,,,17/08/2026 12:46
a043f2cc-07df-4cb5-bcb9-d2f5bbc2b7f9,illuminating.day,available,10.55,10.55,high,low,12,spaceship,,,01/10/2026 23:00
20b9a667-6787-4c8b-9ef9-32a7efd59bb3,uncritical.day,available,12.98,16.98,medium,low,10,namecheap,,,12/09/2026 06:26
60b248bd-4984-40a3-8a6b-feefb9754cfe,alkyne.day,available,12.98,16.98,medium,low,6,namecheap,,,17/09/2026 00:25
287a8b7c-9749-43b8-ad19-3d1adda27359,feedback.day,premium,,,high,medium,8,,,,28/09/2026 14:09
7bd547c3-d71f-4087-bc7e-7e9afe09961d,banding.day,available,12.98,16.98,high,low,7,namecheap,,,22/09/2026 01:17
feae1e79-e9d0-4f86-bcde-4675b54eb3ab,oka.day,premium,,,high,low,3,,,,01/10/2026 21:09
7808d34c-a520-47fb-afa0-1764b7340d13,columbian.day,available,12.98,16.98,medium,low,9,namecheap,,,12/08/2026 18:12
675d45b9-ac7e-46ff-918b-cd79455feb39,hardin.day,available,14,,medium,low,6,unstoppable,,,28/09/2026 04:15
43113d80-8d8e-4734-a088-259dc4da7b14,anechoic.day,available,12.98,16.98,medium,low,8,namecheap,,,
2c1015a2-380e-4bac-b7db-5c25830f4cc8,wwii.day,available,12.98,16.98,medium,low,4,namecheap,,,28/09/2026 07:36
50a1ef2a-59b6-4800-8767-edf195485dbe,debater.day,available,12.98,16.98,medium,low,7,namecheap,,,20/09/2026 04:45
31e5c876-4803-461e-bb19-e25358105cc5,lesbian.day,premium,623.75,623.75,high,low,7,name.com,,,23/08/2026 00:15
f66751c5-ebc6-4ed2-b687-79626e614298,beginning.day,premium,161.25,161.25,high,low,9,name.com,,,09/08/2026 09:06
3d611ac6-fb18-4437-9aac-f2ed44878b01,terminating.day,available,12.98,16.98,medium,low,11,namecheap,,,08/09/2026 14:51
237943c7-8c90-4f87-96b4-54c2186f0259,donovan.day,premium,29.2,,high,low,7,unstoppable,,,28/09/2026 16:02
54cb654f-b1f2-4621-8498-9d173d6db172,ravenous.day,available,12.98,16.98,medium,low,8,namecheap,,,15/08/2026 06:13
c1cc7831-bd6b-48e5-8a24-023e5e2be4b6,kingdoms.day,available,14,,medium,low,8,unstoppable,,,30/09/2026 15:20
18bb3bdb-d667-48e0-b45f-0c27c1b15f02,chipper.day,available,12.98,16.98,high,low,7,namecheap,,,12/08/2026 05:56
de6cf1ee-a0bb-49f5-86e6-1750ce2d16b4,cxl.day,premium,73.75,73.75,high,low,3,name.com,,,
d0449682-8df2-4783-ab3b-a6bb98d558b4,fictive.day,available,12.98,16.98,medium,low,7,namecheap,,,07/08/2026 07:55
be65354f-a0b5-40e9-8ae6-cb6f4bd59732,puranic.day,available,12.98,16.98,high,medium,7,namecheap,,,09/09/2026 06:15
a9b036e3-d568-4829-a886-613622f2e692,roast.day,premium,73.75,,high,low,5,name.com,,,27/09/2026 15:46
78a4b191-a4d8-402f-8039-1fa6ce5c558e,naught.day,available,12.98,16.98,medium,low,6,namecheap,,,03/09/2026 22:40
ddb1b1b9-9902-499c-8f1d-1751e1f7a883,hyperfine.day,available,12.98,16.98,medium,low,9,namecheap,,,21/08/2026 16:48
1d17ded0-cd69-4c25-b631-584557203edc,flowed.day,available,10.55,10.55,medium,low,6,spaceship,,,02/10/2026 02:35
dc15e122-62ba-442f-838f-fa2625c7a0ad,myeloid.day,available,12.98,16.98,medium,low,7,namecheap,,,03/09/2026 12:06
1b2a0ca2-e417-4aef-a51b-c9f317b768b3,softball.day,premium,,,high,low,8,,,,29/09/2026 01:51
d1ab85d7-1e4f-480d-b8ae-b13a8a6c884c,represented.day,available,16.98,,high,low,11,namecheap,,,
97eaa54e-88d1-449e-b9e0-d9c53e2b867a,avenged.day,available,12.98,16.98,high,low,7,namecheap,,,07/08/2026 22:35
9b983a11-bd4e-49ce-89af-999898945f21,lanka.day,available,12.98,16.98,high,low,5,namecheap,,,25/09/2026 15:46
8943defe-b4a1-48c3-8874-912a1eb6238d,thumbs.day,available,12.98,16.98,medium,low,6,namecheap,,,18/09/2026 14:13
229147c2-3771-4e20-b914-9d633ac0d0c2,dank.day,premium,73.75,73.75,high,low,4,name.com,,,12/08/2026 09:24
dc0d4152-ff0b-4088-885e-07222c5dbd35,soi.day,premium,61.27,61.27,high,low,3,spaceship,,,30/09/2026 23:57
91ef85c7-aaad-479a-b2b1-d5ebd7639263,assembler.day,available,12.98,16.98,high,low,9,namecheap,,,20/09/2026 16:01
c546e225-39d2-4605-8083-7ea0cd09a2dd,blackseed.day,available,12.98,16.98,medium,low,9,namecheap,,,24/09/2026 03:00
61df0ae5-7a8e-4d89-8fca-376859cc6fba,bacillus.day,available,12.98,16.98,medium,low,8,namecheap,,,21/09/2026 11:42
621266ed-5544-4c6b-8a74-167d0b1e12b5,unrested.day,available,12.98,16.98,medium,low,8,namecheap,,,12/09/2026 18:02
cf217b51-654f-4e8d-9acc-4f4951c2545f,determinant.day,available,10.55,10.55,high,low,11,spaceship,,,30/09/2026 19:21
1ee3ab85-136b-4560-94d6-af9c5f7093e8,mend.day,available,14,,high,low,4,unstoppable,,,30/09/2026 08:51
89d2b33d-a01d-4989-9bdb-1083ba4e6adb,tobacco.day,premium,59.2,,medium,low,7,unstoppable,,,29/09/2026 00:12
996e482b-fe85-4cc5-9671-26659ab5155a,ensure.day,premium,133.72,133.72,high,low,6,spaceship,,,30/09/2026 15:26
2489b80a-4699-4b04-82cb-1db377606b75,alizarin.day,available,12.98,16.98,medium,low,8,namecheap,,,18/09/2026 08:12
9b2cfb39-b8b6-4839-afc5-4b5610198bec,bawl.day,available,12.98,16.98,medium,low,4,namecheap,,,23/09/2026 06:25
1d5d11e4-fa7d-4478-a096-57dedbae691a,ignoring.day,available,10.55,10.55,medium,low,8,spaceship,,,28/09/2026 11:32
fb40aab1-f1d0-493b-afad-9547b817fc92,helicopters.day,available,10.55,10.55,low,low,11,spaceship,,,28/09/2026 18:00
6aaeda36-f07c-4c94-8575-e8de8950f77e,arthropod.day,available,12.98,16.98,medium,low,9,namecheap,,,20/09/2026 10:41
d74c64b3-8424-4b96-9121-f9bfe38e00ae,had.day,premium,161.25,,high,low,3,name.com,,,
09fc7963-b8b0-4531-9e67-1b398be573d5,utterly.day,available,10.55,10.55,medium,low,7,spaceship,,,28/09/2026 11:39
cbd5733b-7f54-4b48-8182-b358de8e32e4,hated.day,available,12.98,16.98,medium,low,5,namecheap,,,14/08/2026 04:14
c0564ad4-7cf1-4dfa-b833-924d9921b5e5,shallot.day,available,12.98,16.98,medium,low,7,namecheap,,,18/09/2026 11:16
b7df2d05-502f-4a0e-a3e7-76d61f16e521,zhu.day,premium,61.27,61.27,high,low,3,spaceship,,,27/09/2026 20:59
1d82b75b-c76e-4142-a920-07eb310cee21,dita.day,premium,37.7,37.7,medium,low,4,namecheap,,,18/09/2026 14:25
52dfe68b-5c3e-4a9c-b8c8-7349556ec0d5,brockton.day,available,14,,medium,low,8,unstoppable,,,30/09/2026 14:00
e24be3c6-e9c1-463e-91f9-e586ab7ac6f9,continuing.day,available,19.99,19.99,high,low,10,name.com,,,23/09/2026 22:17
e1bc41c9-df4d-47ae-9db0-e2fc7e960b80,smoothed.day,available,12.98,16.98,medium,low,8,namecheap,,,10/09/2026 12:07
65ab3bd0-59c2-4fd5-95d6-fed7f93572e3,aurally.day,available,12.98,16.98,medium,low,7,namecheap,,,13/09/2026 22:46
1e3425b7-ea8a-4a61-bf42-2a4442d66cf8,dell.day,available,12.98,16.98,high,medium,4,namecheap,,,24/09/2026 21:44
14a459d6-e3a1-4169-87ee-b5caed1d6714,downwind.day,available,12.98,16.98,medium,low,8,namecheap,,,14/08/2026 18:03
8a25bcd5-4b15-4305-ace9-5b40103cd290,lots.day,premium,73.75,,high,low,4,name.com,,,28/09/2026 11:29
4001057f-c289-4915-8987-573583647398,steadied.day,available,12.98,16.98,medium,low,8,namecheap,,,10/09/2026 19:30
a9a18654-f58f-4c94-b3e1-7ff53c268491,sprigged.day,available,12.98,16.98,low,low,8,namecheap,,,10/09/2026 16:47
13cf6e4d-fe32-4bd1-961a-d04f586c4615,aye.day,premium,61.27,61.27,medium,low,3,spaceship,,,29/09/2026 14:22
6213dfa0-5b1f-48bf-ab4d-5fe4369d670b,siren.day,premium,37.7,37.7,high,low,5,namecheap,,,29/09/2026 06:45
beaeeb3e-b4b0-4417-8a55-93d25ffe9b6b,invasive.day,available,12.98,16.98,medium,low,8,namecheap,,,16/08/2026 23:54
5e847a4c-8519-4afc-a22a-ce9a1f8914ad,terminology.day,available,10.55,10.55,high,low,11,spaceship,,,30/09/2026 05:58
a449e939-a72d-490e-853d-a62776783f51,pretext.day,available,10.2,10.2,high,low,7,cloudflare,,,30/09/2026 01:48
f092a547-7c07-492b-9886-c7c764bf75b9,resurrected.day,available,10.55,10.55,medium,low,11,spaceship,,,02/10/2026 02:52
05b1478b-b93b-4e12-9d57-b0a4eee5c9dc,twoscore.day,available,12.98,16.98,medium,low,8,namecheap,,,
6694d739-43df-41cc-bbd8-f2ef2e5582be,angelo.day,premium,76.7,76.7,high,low,6,namecheap,,,25/09/2026 16:57
b1ba092e-b94f-4311-8cc1-9341c41b13cd,pitted.day,available,12.98,16.98,medium,low,6,namecheap,,,
70793e97-1cba-4df7-8930-889352be5556,watertown.day,available,14,,medium,low,9,unstoppable,,,28/09/2026 06:52
62494524-8377-40c3-9641-87e4552431de,rarities.day,available,10.2,10.2,medium,low,8,cloudflare,,,01/10/2026 01:00
ab7bdc93-267b-4c84-8eca-6a793b2b39a7,chekhov.day,available,12.98,16.98,medium,low,7,namecheap,,,19/09/2026 15:27
38f2deaa-40de-4d45-9728-d7f318095350,rustless.day,available,12.98,16.98,medium,low,8,namecheap,,,09/09/2026 20:19
28acf647-3e36-42e7-b094-a5d7d8091d6d,explicable.day,available,12.98,16.98,medium,low,10,namecheap,,,17/08/2026 18:23
75564db2-5bbd-4bb6-9b18-5c34cd556bd4,anaclitic.day,available,12.98,16.98,medium,low,9,namecheap,,,
4b4a81de-3ac5-45df-a2f9-d0e53d0cc24c,mortgages.day,premium,37.7,37.7,medium,low,9,namecheap,,,20/09/2026 00:45
6458b18b-b3ee-49ad-ab50-4aafebe0e1b9,croak.day,available,12.98,16.98,medium,low,5,namecheap,,,24/09/2026 19:33
a370cdf5-16da-45d8-bd3b-b79f55fdc26e,araroba.day,available,12.98,16.98,medium,low,7,namecheap,,,20/09/2026 00:14
baa185d9-0b7d-43fe-9fde-6370d63d2b32,overlook.day,available,10.55,10.55,high,low,8,spaceship,,,30/09/2026 05:32
8c6cdf17-b01e-4da3-82cd-45932d80b6f3,ripping.day,available,12.98,16.98,high,low,7,namecheap,,,09/09/2026 13:59
972bf3a9-0182-4160-bc16-c786a881aa9b,singly.day,available,12.98,16.98,medium,low,6,namecheap,,,15/09/2026 08:03
f051974c-092a-4eb8-8a64-7be6893b7c5f,reading.day,premium,272.35,272.35,high,low,7,porkbun,,,30/09/2026 00:17
7f0b0268-5e7f-41f2-b1e2-b076db659a3b,sebring.day,available,10.55,10.55,medium,low,7,spaceship,,,01/10/2026 23:35
0b6c6091-4d44-490c-83b6-4373ca23e982,bleacher.day,available,12.98,16.98,high,low,8,namecheap,,,24/09/2026 05:15
3cbaeb7d-c209-4db0-9f3c-748bc03bc1de,gratifying.day,available,12.98,16.98,high,low,10,namecheap,,,17/08/2026 09:19
abce57d5-a3de-4e59-a124-46c935bb6219,backup.day,premium,516.67,516.67,high,low,6,spaceship,,,01/10/2026 17:07
27089d8a-4b13-42ca-ae7a-04b474a7532c,kemp.day,available,10.55,10.55,medium,low,4,spaceship,,,29/09/2026 02:56
6edee78b-9eba-4f9d-966c-3ae646932641,milksop.day,available,12.98,16.98,medium,low,7,namecheap,,,10/09/2026 08:50
2e9739d8-2258-4003-91d5-2f67fbcf00c7,hesitation.day,available,12.98,16.98,high,low,10,namecheap,,,24/09/2026 16:28
6be955cb-d82a-4d75-8e92-9efa98695864,castles.day,premium,29.2,,medium,low,7,unstoppable,,,30/09/2026 15:30
f653849d-fdcf-478e-9254-793ffdef9109,buildings.day,premium,76.7,76.7,medium,low,9,namecheap,,,27/09/2026 09:32
446315cf-611f-470d-93fa-adcc81bfa88c,capitalize.day,available,14,,high,low,10,unstoppable,,,30/09/2026 17:00
840782e3-c4ac-4ad7-9469-4754710fa00a,another.day,premium,516.67,516.67,high,low,7,spaceship,,,01/10/2026 00:35
70b215ea-a40b-43fc-8fc7-76b9343b3bb2,flavourful.day,available,12.98,16.98,medium,low,10,namecheap,,,18/08/2026 07:06
46316c96-56ca-4d3e-bc7f-ff9d11f147a9,rearrange.day,available,14,,high,low,9,unstoppable,,,01/10/2026 22:11
51427d8e-6fa1-4828-8008-ecd4aaeac336,once.day,premium,323.7,323.7,high,low,4,namecheap,,,24/09/2026 15:11
acbd4698-bab7-4a53-a3fb-ba28af32566f,purple.day,premium,323.7,323.7,high,medium,6,namecheap,,,24/09/2026 13:58
13737910-7e7b-4ca1-8707-1dcc3001dcb1,climatic.day,available,12.98,16.98,high,low,8,namecheap,,,12/08/2026 10:57
a063812c-9cb8-480b-9e9f-7454565b269f,overnight.day,premium,76.7,76.7,high,low,9,namecheap,,,22/09/2026 00:44
ba4fdf0a-57a9-421b-995f-41c0da492c52,suburb.day,available,10.55,10.55,high,low,6,spaceship,,,30/09/2026 02:59
dc447e02-fe63-4328-90a7-478c65614a18,sniff.day,available,14,,high,low,5,unstoppable,,,30/09/2026 11:21
4ccae8ee-0c8e-4d30-8636-35a0e4081d8b,untested.day,available,12.98,16.98,medium,low,8,namecheap,,,12/09/2026 21:13
4ccec3a0-9fe5-4c87-ade8-924c15282c52,burr.day,available,12.98,16.98,medium,low,4,namecheap,,,16/09/2026 13:29
a339f998-c729-40a6-a43e-470cbe9f1ec5,nubile.day,available,12.98,16.98,medium,low,6,namecheap,,,24/08/2026 16:30
e42f1d86-4f48-465b-aabe-addd337900e6,keaton.day,available,14,,medium,low,6,unstoppable,,,30/09/2026 00:55
d0bca5ef-a9e8-46db-b349-9b6236084f19,obligated.day,available,10.55,10.55,high,low,9,spaceship,,,29/09/2026 21:21
2adc246b-4e38-4c2d-88c0-f07eceb0f4a6,nasir.day,available,10.2,10.2,medium,low,5,cloudflare,,,30/09/2026 13:54
c6142d81-505d-463d-aaef-33ddb3bd019b,recounting.day,available,12.98,16.98,medium,low,10,namecheap,,,11/09/2026 10:26
a2be9314-bcc7-46fb-bc6d-d4477f5edca9,footed.day,available,12.98,16.98,medium,low,6,namecheap,,,18/08/2026 10:43
330bb45a-5967-4546-aaef-dcd4b656d699,mccoy.day,available,10.55,10.55,high,low,5,spaceship,,,27/09/2026 21:17
55e2385b-7dd6-498b-b081-5bd1b38e4300,gott.day,premium,32.18,32.18,medium,low,4,porkbun,,,30/09/2026 04:43
5bfc3da2-98ce-4a06-a78d-823ff575a817,ness.day,premium,30.22,30.22,high,low,4,spaceship,,,29/09/2026 11:51
54d12e9e-a46e-45ce-877b-22154ecba394,sahara.day,premium,61.27,61.27,high,low,6,spaceship,,,29/09/2026 20:15
a73f805c-eb91-40cf-8950-3354c3f13034,eventual.day,available,12.98,16.98,high,low,8,namecheap,,,30/09/2026 14:31
e1fc11fd-e0dc-43ab-b9aa-c07a03b6f925,forfeiture.day,available,12.98,16.98,medium,low,10,namecheap,,,18/08/2026 11:45
4ce43655-ee79-4741-9e25-82d947a087ed,peruvian.day,available,12.98,16.98,high,low,8,namecheap,,,08/09/2026 18:07
df718ffd-65f7-4c1d-a7b0-650d1fabcab7,ensign.day,available,10.2,10.2,medium,low,6,cloudflare,,,30/09/2026 17:11
3351616b-16ca-427e-b6b6-03645225794e,influent.day,available,12.98,16.98,high,low,8,namecheap,,,22/08/2026 04:36
aa40be97-a085-4e0e-a1f6-668ebcc3cd17,intestine.day,available,12.98,16.98,medium,low,9,namecheap,,,29/09/2026 18:03
8b4f173e-d841-44df-8399-9694df303346,palatine.day,available,12.98,16.98,medium,low,8,namecheap,,,04/09/2026 23:20
e6eb0a0c-000c-4d3f-82cf-d7c06babc80a,blotto.day,available,12.98,16.98,low,low,6,namecheap,,,09/08/2026 15:32
c9bfb369-b1db-4804-b7c4-33efbfe41f1d,scallion.day,available,12.98,16.98,medium,low,8,namecheap,,,18/09/2026 11:26
0570e3fb-03b2-4180-860d-efbaee0f1410,legend.day,premium,257.92,257.92,high,low,6,spaceship,,,30/09/2026 02:45
2911192d-f332-4675-8310-a0b0e3794e58,recovery.day,premium,323.7,323.7,high,low,8,namecheap,,,08/09/2026 13:21
f63616b2-539b-45a9-b2de-4bc30a81ef73,crusted.day,available,12.98,16.98,medium,low,7,namecheap,,,13/08/2026 09:22
1c6b6653-2352-494a-b828-de17081d5f7d,alphabetic.day,available,12.98,16.98,high,low,10,namecheap,,,22/09/2026 02:10
28efe176-c785-42cf-a3c0-28b9e16ab00a,sarcoid.day,available,12.98,16.98,high,medium,7,namecheap,,,09/09/2026 21:28
584b1f27-06c5-4996-8482-8eb4717ee898,marguerite.day,available,12.98,16.98,high,low,10,namecheap,,,20/09/2026 04:58
9d596d6b-eb75-44ee-a869-20e9e4316ec0,unassured.day,available,12.98,16.98,medium,low,9,namecheap,,,12/09/2026 01:14
6f7a1857-23d5-4f85-9ffd-fd555a6c9c05,securities.day,premium,29.2,,medium,low,10,unstoppable,,,29/09/2026 22:51
b374eb89-098b-449d-bb48-dc3291ad56e3,coalescent.day,available,12.98,16.98,medium,low,10,namecheap,,,12/08/2026 13:51
0d00451d-c702-4ca6-b028-0357c712b833,amy.day,premium,323.7,323.7,high,low,3,namecheap,,,25/09/2026 16:39
fe8a7f24-ae06-416a-977e-60e0e422402f,bize.day,available,12.98,16.98,medium,low,4,namecheap,,,23/09/2026 21:41
724b59dc-679c-441f-ae00-5b2da666d643,hereabout.day,available,12.98,16.98,medium,low,9,namecheap,,,15/09/2026 00:18
702aafdc-7c87-4f2d-ac76-65c8e1b3d783,lucinda.day,available,10.55,10.55,high,low,7,spaceship,,,29/09/2026 15:29
0582cb4b-f707-4e36-b272-21734df632e0,hairdresser.day,available,10.55,10.55,high,low,11,spaceship,,,01/10/2026 22:32
8e1aa6a7-c286-470e-9328-dd95f6550b7a,rightness.day,available,19.99,19.99,medium,low,9,name.com,,,19/09/2026 22:23
761985ca-88e8-473c-887a-0bceac14ea09,settled.day,available,12.98,16.98,high,low,7,namecheap,,,12/08/2026 17:27
a7cfce14-02f2-4fa6-995c-23578942f023,arrowsmith.day,available,12.98,16.98,medium,low,10,namecheap,,,20/09/2026 09:31
da5b210c-8883-4f3d-9396-ac4b62084f80,foolproof.day,available,12.98,16.98,high,low,9,namecheap,,,18/08/2026 10:37
84183099-dccb-456d-a09c-a6d87581d3f1,flee.day,available,14,,high,low,4,unstoppable,,,30/09/2026 19:54
32053db2-6505-4945-b52f-9235c2244038,input.day,premium,167.7,167.7,high,low,5,namecheap,,,19/09/2026 11:49
0495bdd7-f75d-40e2-960e-4f8a780cafd0,clegg.day,available,14,,medium,low,5,unstoppable,,,30/09/2026 16:44
a8171170-2f48-460d-b8c6-ce37cbb8e0af,alb.day,premium,76.7,76.7,high,low,3,namecheap,,,18/09/2026 02:20
3370fce2-a71a-4377-9f17-ab284cf6ac60,bracelets.day,premium,29.2,,medium,low,9,unstoppable,,,02/10/2026 03:38
a7201ac0-73c4-4fba-b25f-dc3de72d0fb8,kris.day,premium,64.93,64.93,high,medium,4,porkbun,,,30/09/2026 09:17
6c8d6d61-bf6c-4dda-a592-71fa70001430,surprise.day,premium,129.2,,high,low,8,unstoppable,,,30/09/2026 12:35
a5e041b8-0891-42ee-8939-4b3ca006ce25,effortful.day,available,12.98,16.98,medium,low,9,namecheap,,,15/08/2026 16:20
cc3305ab-270d-4d37-b395-b3d4561e47f2,questionable.day,available,10.81,10.81,medium,low,12,porkbun,,,29/09/2026 02:59
05e5f3c0-af08-44fe-94c5-4f0aa1cb78ef,muscular.day,available,12.98,16.98,high,low,8,namecheap,,,11/08/2026 02:50
2f632c8f-b348-4601-85a0-e6a85ef6a7f9,benzoate.day,available,12.98,16.98,medium,low,8,namecheap,,,23/09/2026 08:56
7888a2bc-e625-493f-932d-e211ae3e4484,drenched.day,available,12.98,16.98,medium,low,8,namecheap,,,14/08/2026 18:51
b5edbdeb-9b8a-43be-bdf0-c9d50aea7a0c,ran.day,premium,323.7,323.7,high,low,3,namecheap,,,25/09/2026 12:35
8f1e5a9a-0f05-4264-bbd9-585130698e34,earning.day,premium,29.2,,medium,low,7,unstoppable,,,28/09/2026 13:27
c59f2361-36c1-419a-a96c-e13f6606aa43,bonham.day,available,10.55,10.55,medium,low,6,spaceship,,,30/09/2026 12:37
3bbe0f08-819a-4b75-8ec0-90d1de0c2bd7,seaweed.day,available,10.55,10.55,high,low,7,spaceship,,,30/09/2026 02:49
2189f463-9dec-45f3-b7e2-1c0fc879e77f,textile.day,premium,61.27,61.27,high,low,7,spaceship,,,28/09/2026 02:25
da2d89ef-b77e-4e4f-a733-5cd5cdc176c2,dji.day,premium,161.25,,high,low,3,name.com,,,
343b7f07-bb6e-4416-a7b7-7525a71b5e80,floors.day,premium,64.93,64.93,medium,low,6,porkbun,,,27/09/2026 22:02
917368af-fa64-423c-81d4-5c9450f3f98a,tunic.day,available,12.98,16.98,high,low,5,namecheap,,,17/09/2026 10:34
8cf45856-2c88-47fc-8aae-5bc361554cff,mimi.day,premium,76.7,76.7,high,low,4,namecheap,,,28/09/2026 16:07
f6d75cf7-1482-4d1e-aea7-90dddfaf129f,hauling.day,available,12.98,16.98,high,low,7,namecheap,,,30/09/2026 01:50
eb6b23b3-e1e9-4a89-a137-7cdaab18f975,grant.day,premium,257.92,257.92,high,low,5,spaceship,,,27/09/2026 12:18
883cb694-698e-46f3-b5d3-9f18a0b7ce83,espresso.day,premium,76.7,76.7,high,low,8,namecheap,,,02/10/2026 04:44
0f107225-97ac-47c7-a19a-9d422bcc5fcc,vaughn.day,available,12.98,16.98,high,low,6,namecheap,,,27/09/2026 11:16
dd1c74a2-f9c0-4cab-a659-cc5e517db09a,saliferous.day,available,12.98,16.98,high,medium,10,namecheap,,,09/09/2026 20:52
7a13ee16-8683-4b1c-8e38-5a2d16e32d44,vaunt.day,available,12.98,16.98,medium,low,5,namecheap,,,11/08/2026 01:09
0e6a028b-3d4a-4148-ae34-552b59c36b13,chipped.day,available,12.98,16.98,medium,low,7,namecheap,,,30/09/2026 19:50
a4869b56-56e7-4f3a-a277-3d14785d50dc,vain.day,available,12.98,16.98,high,low,4,namecheap,,,22/09/2026 23:50
95be5ac8-6054-42f1-9605-06fce8e899ec,whiskers.day,available,12.98,16.98,high,low,8,namecheap,,,22/09/2026 21:02
93035869-5fc0-40fa-bdf3-10c5b542fdf7,holloway.day,available,12.98,16.98,high,low,8,namecheap,,,26/09/2026 03:22
24725071-365d-4b48-9189-50988c569867,sewing.day,premium,141.35,141.35,high,low,6,porkbun,,,28/09/2026 10:54
ec20c8f6-b5a6-4eab-9515-d4fda749ca0f,couples.day,premium,161.25,161.25,medium,low,7,name.com,,,
fcfd4f9f-baac-41c8-b235-44baa3ce9a18,strabismus.day,available,12.98,16.98,medium,low,10,namecheap,,,10/09/2026 17:49
b9838eae-59fc-4d09-8722-b60aedd11425,rotary.day,premium,167.7,167.7,high,low,6,namecheap,,,04/09/2026 17:37
60855674-0971-41f9-9d33-b7212bbbda5a,arbalest.day,available,12.98,16.98,medium,low,8,namecheap,,,20/09/2026 00:33
2b42a2d3-b04e-4495-a42d-cab75b9035fb,urinary.day,available,12.98,16.98,medium,low,7,namecheap,,,12/09/2026 23:44
4fba987c-4cb1-4967-91f6-2a045a7dae0e,ahl.day,premium,59.2,,high,low,3,unstoppable,,,29/09/2026 10:25
c040cf19-5dc8-4c45-ab47-b2ec9f6a6565,grenadian.day,available,12.98,16.98,high,low,9,namecheap,,,20/08/2026 20:00
bacd7b4e-2df2-45b2-82cc-b49c191bac8a,pies.day,premium,73.75,,medium,low,4,name.com,,,
90dffa76-435b-433b-b9ab-f94b9c74d1b8,henley.day,premium,30.22,30.22,high,low,6,spaceship,,,28/09/2026 03:36
7619eaa6-9940-4c35-b6b7-219ebbb44def,karen.day,premium,167.7,167.7,high,low,5,namecheap,,,25/09/2026 08:08
f6bb4001-ef29-4eb7-8cb3-99c090438b35,teton.day,available,10.55,10.55,high,low,5,spaceship,,,30/09/2026 02:07
2b5cb2b8-ee98-408f-b322-32232c843c8c,rake.day,available,12.98,16.98,high,low,4,namecheap,,,27/09/2026 07:07
822451d6-df89-4857-b889-b44fe6370984,tissues.day,available,10.55,10.55,medium,low,7,spaceship,,,29/09/2026 10:39
3df57f5e-8be9-49e6-994f-7b49ddb6c113,gabor.day,available,10.2,10.2,high,low,5,cloudflare,,,02/10/2026 04:34
9d8dfb3e-e104-40f1-8674-07bfcbb89a78,deceive.day,available,10.55,10.55,high,low,7,spaceship,,,29/09/2026 20:40
323c4559-2290-4271-b118-3f2b599a4da5,solved.day,premium,37.7,37.7,high,low,6,namecheap,,,10/09/2026 13:46
44bcc27f-ea3e-4278-a089-b91e1bff4602,far.day,premium,323.7,323.7,high,low,3,namecheap,,,24/09/2026 16:56
6b4bf280-22c2-421d-b0f7-b3ea97d39b54,institution.day,available,12.98,16.98,high,low,11,namecheap,,,27/09/2026 08:25
cace3ac4-feb4-420d-a006-e128d95dabad,sammy.day,premium,37.7,37.7,high,low,5,namecheap,,,26/09/2026 03:25
31eb37ea-c50d-4948-9ae9-9c97a3ea3e65,mesozoic.day,available,12.98,16.98,medium,low,8,namecheap,,,24/08/2026 21:21
17a0f0ab-e514-41e6-ab43-9c60e7b8a682,length.day,premium,61.27,61.27,high,low,6,spaceship,,,30/09/2026 02:48
2f6cc31a-baba-470c-9ef0-7f476a0290f5,credits.day,premium,257.92,257.92,high,low,7,spaceship,,,28/09/2026 13:48
c21f7353-04ab-4a72-8f9b-9fdb45f39401,everyday.day,premium,323.7,323.7,high,low,8,namecheap,,,24/09/2026 15:36
21bfd2fa-81a1-4ff6-9994-eaf8ad73c975,herpes.day,premium,30.22,30.22,high,low,6,spaceship,,,30/09/2026 17:37
c0f2bba5-d722-4aa1-b4ca-c7b220f69d4c,fitter.day,available,12.98,16.98,medium,low,6,namecheap,,,18/08/2026 05:48
5eb0a633-5ddf-43df-852c-9c80152e074c,altogether.day,available,12.98,16.98,high,low,10,namecheap,,,
15f5a3cc-39a6-4e8a-9752-82d4060c0fcc,motherfukkah.day,available,10.55,10.55,medium,low,12,spaceship,,,02/10/2026 05:04
2accdf77-4c24-4a76-bafb-965d6651c832,craftily.day,available,12.98,16.98,medium,low,8,namecheap,,,14/09/2026 09:00
3e23dd1b-e2e0-4959-9e50-4b6fdec6e469,insure.day,premium,311.25,,high,low,6,name.com,,,30/09/2026 15:27
671e4e50-585e-4d9d-88cb-b8ef262b704a,laxative.day,available,12.98,16.98,high,low,8,namecheap,,,22/08/2026 21:25
d39bb5b9-6328-4403-b3fc-f47f33308136,york.day,premium,499.2,,high,low,4,unstoppable,,,29/09/2026 23:04
41786860-f460-4247-93cb-850faf06665a,russo.day,premium,37.7,37.7,high,low,5,namecheap,,,27/09/2026 08:03
8f1c5ca6-1293-4ca7-bcc2-09ddedd8f049,reginald.day,available,19.99,19.99,high,low,8,name.com,,,25/09/2026 15:10
ccd57b32-eb3a-475d-a0e5-c6bcb316ce56,horace.day,available,10.81,10.81,high,low,6,porkbun,,,28/09/2026 02:07
15896901-8c69-418f-9d41-3dcd24ee43e3,oxidative.day,available,12.98,16.98,medium,low,9,namecheap,,,04/09/2026 22:23
6a0f4274-b76d-445f-b449-1b98219d70c5,appropriate.day,available,12.98,16.98,high,low,11,namecheap,,,25/09/2026 11:22
26eeeecc-3a8f-4317-b3d0-74cedc6d8a8b,desolate.day,available,12.98,16.98,medium,low,8,namecheap,,,08/08/2026 21:07
6e6cef18-de54-43b0-859e-e52cd3e68dc7,overcomes.day,available,12.98,16.98,medium,low,9,namecheap,,,21/09/2026 04:26
06442ce0-5ce0-477d-8315-4a271b4769c0,postpartum.day,available,12.98,16.98,high,low,10,namecheap,,,09/09/2026 00:37
ecda6694-13c9-481c-95f9-3d421cbc6636,carver.day,premium,30.22,30.22,high,low,6,spaceship,,,29/09/2026 11:53
94bfa655-de0b-450a-a616-53803164d6e5,independence.day,premium,1034.17,1034.17,high,low,16,spaceship,,,28/09/2026 11:42
86ace365-911f-4334-93cc-974899e98c7a,antarctic.day,available,12.98,16.98,high,low,9,namecheap,,,
7c77063c-8ee9-4e9a-aea2-5ffc5dfff2dc,lxxi.day,available,12.98,16.98,medium,low,4,namecheap,,,
75578d57-104e-415b-8912-7c0f9db5cc4a,energising.day,available,12.98,16.98,medium,low,10,namecheap,,,17/08/2026 06:43
18c73d9d-de56-49cd-b1b7-c5e0232c4566,chalk.day,premium,,,high,low,5,,,,28/09/2026 05:27
2f5cef1c-a4d6-4cb4-8d34-7237b6b247e2,basophil.day,available,12.98,16.98,medium,low,8,namecheap,,,22/09/2026 11:30
e37d79f6-0fe1-411d-8fe4-19dc4322cc72,regrets.day,available,14,,medium,low,7,unstoppable,,,28/09/2026 15:15
4079c4d9-2bce-45ec-b84a-881ee9763fa4,hires.day,premium,,,high,low,5,,,,30/09/2026 05:35
cbe5c821-7e59-4335-a7dd-3fc6e33f64ef,boston.day,premium,257.92,257.92,high,low,6,spaceship,,,29/09/2026 01:41
51596ca5-cd64-4707-b41c-b9286ab3c1d9,formic.day,available,12.98,16.98,medium,low,6,namecheap,,,18/08/2026 12:11
f47db39e-e302-4448-b101-b417f4177edd,fidel.day,available,14,,medium,low,5,unstoppable,,,02/10/2026 00:37
9efccc4b-f802-4902-8dca-3af666813d58,negligent.day,available,12.98,16.98,medium,low,9,namecheap,,,03/09/2026 15:07
40777818-3e10-4db3-87b5-8f530524d3ff,reanimated.day,available,12.98,16.98,medium,low,10,namecheap,,,09/09/2026 10:58
bc4e215e-b76b-4b34-8eec-2a4dcd7452c3,seemingly.day,available,12.98,16.98,medium,low,9,namecheap,,,13/09/2026 20:24
9cd78443-c839-45de-92ea-4201c5583d3f,fabric.day,premium,323.7,323.7,high,low,6,namecheap,,,01/10/2026 21:18
725b44ce-f8a5-4e02-a6fa-b58b5108cb7c,prodigal.day,available,12.98,16.98,high,low,8,namecheap,,,09/09/2026 02:36
e667d142-c1d5-45e6-a90c-1e65622cf1d6,avoid.day,premium,76.7,76.7,high,low,5,namecheap,,,13/09/2026 06:44
fe2387b1-6d50-4148-b7a6-d38c87fa90ae,minutely.day,available,12.98,16.98,medium,low,8,namecheap,,,15/09/2026 15:04
fbc20bc4-95dd-43ea-b1f9-b37b5ec53b2e,lili.day,premium,,,medium,low,4,,,,30/09/2026 15:01
e726828b-2fb7-46db-a39d-2448793b41bb,mckinnon.day,available,10.2,10.2,medium,low,8,cloudflare,,,30/09/2026 05:39
e212cd23-9e4d-453b-80c0-23fb82ab2dea,spacing.day,available,14,,high,low,7,unstoppable,,,30/09/2026 18:47
c7c7c8e7-7ac6-495e-9de0-557f50b9cefb,plutonium.day,available,12.98,16.98,high,low,9,namecheap,,,21/09/2026 00:12
a7cb9a54-669b-4786-9e6f-c7a6b4ed0f35,maurer.day,available,14,,medium,low,6,unstoppable,,,30/09/2026 07:54
006109fb-eabd-4214-a0a8-ab80e62573bc,steadfast.day,available,12.98,16.98,high,medium,9,namecheap,,,19/09/2026 14:16
ccb8e94f-5181-4576-98a8-8dc38341b653,grabs.day,available,10.81,10.81,medium,low,5,porkbun,,,29/09/2026 11:38
5ccd93e5-8487-484f-be31-dee8ea4c5d1e,countess.day,available,14,,medium,low,8,unstoppable,,,28/09/2026 13:48
81891883-b5d3-4855-9546-da72c41ef02a,restore.day,available,10.2,10.2,high,low,7,cloudflare,,,28/09/2026 01:17
ac257827-0b64-48e8-b796-ee8b44fee4b8,arco.day,premium,73.75,73.75,medium,low,4,name.com,,,06/08/2026 16:02
9d8998ba-8cd3-49be-8b44-32adbe472ba3,wedged.day,available,12.98,16.98,medium,low,6,namecheap,,,21/08/2026 21:38
98ff9ea2-d017-4157-8d00-34553687a3c1,reentrant.day,available,12.98,16.98,medium,low,10,namecheap,,,09/09/2026 10:51
c9ccd344-c9db-4080-a9d7-0c6393326ad3,wausau.day,available,10.55,10.55,medium,low,6,spaceship,,,01/10/2026 22:03
c37ea5e9-477a-49eb-ab10-be5758fba200,raytheon.day,available,10.2,10.2,high,high,8,cloudflare,,,30/09/2026 14:05
b1c256a8-6f4e-461f-b620-f9ff046092e0,tottering.day,available,12.98,16.98,medium,low,9,namecheap,,,11/09/2026 18:14
9c06ac7e-2de3-41e3-bb9d-bcabfad0babc,ashram.day,available,12.98,16.98,high,low,6,namecheap,,,20/09/2026 13:58
489eba42-f048-4246-b9dd-7c3746104cc1,monkshood.day,available,12.98,16.98,medium,low,9,namecheap,,,17/09/2026 02:11
6dcbe3a1-7e31-4da7-bf7b-61d3ef10faa1,nautical.day,premium,36.25,36.25,high,low,8,name.com,,,24/08/2026 15:58
831e984f-c687-4aff-96dc-a56bd6692a5b,dpp.day,premium,59.2,,high,low,3,unstoppable,,,01/10/2026 22:43
32f850b6-78f1-43e8-ba8f-3ef6d6437569,russians.day,available,12.98,16.98,medium,low,8,namecheap,,,27/09/2026 10:58
0fa8e1a4-c1b8-488c-819c-241a9f33ccda,lone.day,premium,59.2,,medium,low,4,unstoppable,,,28/09/2026 22:59
51fdd93b-59ed-41f5-9227-761fd16dc8b7,eliminated.day,available,14,,medium,low,10,unstoppable,,,28/09/2026 17:04
9c218ee4-fa70-4a53-a82b-651edb748fc4,coffeecake.day,available,16.98,,high,low,11,namecheap,,,
777be260-3403-4980-9edb-ae0d8e3f1bd1,asceticism.day,available,19.99,19.99,medium,low,10,name.com,,,20/09/2026 13:08
e071e1e2-2107-4471-9824-615856feb209,sitka.day,available,10.2,10.2,high,low,5,cloudflare,,,29/09/2026 20:23
8994ee68-ea91-42d4-ac4a-9052c11d83a6,arun.day,premium,,,medium,low,4,,,,01/10/2026 12:10
c0370b50-200d-4596-8f1f-00d70e5f23e6,heidi.day,premium,64.93,64.93,high,low,5,porkbun,,,28/09/2026 16:18
6b2ee724-3460-4ab0-99a7-44ad5475a782,eternity.day,premium,30.22,30.22,high,low,8,spaceship,,,28/09/2026 01:51
476e2b23-7000-47cc-9bad-2091086278b0,reichstag.day,available,14,,medium,low,9,unstoppable,,,28/09/2026 16:30
2fcbf259-8f35-410a-b8ae-14c8b8546d17,rheologic.day,available,12.98,16.98,medium,low,9,namecheap,,,09/09/2026 16:35
05319326-2636-400e-bcb5-5977c85ef80d,allspice.day,available,12.98,16.98,high,low,8,namecheap,,,18/09/2026 12:10
c197c05b-b3d2-4cc8-823d-40d70e76a68b,oper.day,available,10.55,10.55,medium,low,4,spaceship,,,28/09/2026 21:34
5516cdba-106d-4455-9c2e-4ca671a525a8,foursome.day,available,12.98,16.98,high,low,8,namecheap,,,
498a9f67-9310-4222-96a6-0d043e064563,sleek.day,premium,36.25,36.25,high,low,5,name.com,,,18/08/2026 09:13
a552bb71-8dbf-43f9-81b8-8f88a9db6ef4,telecom.day,premium,133.72,133.72,high,low,7,spaceship,,,30/09/2026 13:03
339d4ff3-8e78-45f9-ad5f-fedf2724f2f7,sugared.day,available,12.98,16.98,medium,low,7,namecheap,,,11/09/2026 01:16
50bca450-65f2-4f7f-8189-dcf97d82b9a8,atonic.day,available,12.98,16.98,low,low,6,namecheap,,,07/08/2026 13:54
bbf91578-931e-4d50-9025-180d1062088a,atrazine.day,available,12.98,16.98,medium,low,8,namecheap,,,21/09/2026 00:37
aa220d2c-ddea-4f3d-9031-cf97743a5385,gracious.day,available,12.98,16.98,high,low,8,namecheap,,,24/09/2026 00:42
9b4621d0-934a-4019-b452-535449913225,backtalk.day,available,12.98,16.98,medium,low,9,namecheap,,,21/09/2026 14:51
8f4eab45-ac74-4769-8c3b-b049b759b21f,smoldering.day,available,12.98,16.98,medium,low,10,namecheap,,,10/09/2026 12:01
66344a22-0598-446c-8c30-76e87659e43f,sinitic.day,available,12.98,16.98,high,medium,7,namecheap,,,10/09/2026 08:29
4e8296e7-9545-40cb-85bf-2149883ea864,basset.day,available,12.98,16.98,medium,low,6,namecheap,,,22/09/2026 12:10
bdad30ad-17c7-4445-ae71-8dc3bb47dd25,incision.day,available,10.2,10.2,high,low,8,cloudflare,,,30/09/2026 01:58
ba4ae17f-f8b7-49cf-afa1-7ed825f17139,brim.day,available,12.98,16.98,high,low,4,namecheap,,,24/09/2026 10:24
d8f11f50-7f94-4e62-830f-a339fb9c5c7f,manque.day,available,12.98,16.98,medium,low,6,namecheap,,,24/08/2026 15:28
7fa592b1-8bf0-474f-8bf4-88101d6d0fc1,langer.day,premium,29.2,,medium,low,6,unstoppable,,,29/09/2026 02:56
27665c5d-9cb4-44c5-a96b-353167f9b6fe,tortuous.day,available,12.98,16.98,medium,low,8,namecheap,,,11/09/2026 18:01
a0fe3ea6-b241-4df4-a04a-83a2e77ed3c0,cary.day,premium,37.7,37.7,high,low,4,namecheap,,,25/09/2026 12:59
fca18f82-2958-4f8c-bc78-f957027b6d74,allopathic.day,available,12.98,16.98,medium,low,10,namecheap,,,
881a26a8-4387-48b3-8db2-1f536bb9e334,jason.day,premium,257.92,257.92,high,medium,5,spaceship,,,30/09/2026 00:43
a0df1166-cf04-402f-8d05-dd821f5d4608,upcoming.day,premium,36.25,36.25,high,low,8,name.com,,,06/08/2026 08:39
6deebe05-9bb4-43fb-b197-4d16ca379ffb,pennate.day,available,12.98,16.98,medium,low,7,namecheap,,,08/09/2026 14:37
64d077c0-0c37-46e9-b301-69c23770faa6,necessarily.day,available,14,,medium,low,11,unstoppable,,,01/10/2026 01:47
240190ad-703e-47d4-9d61-d3ab2bfa1758,name.day,premium,516.67,516.67,high,high,4,spaceship,,,01/10/2026 20:04
052a18bd-3379-4f47-b0a2-153c79426997,commandments.day,available,10.55,10.55,medium,low,12,spaceship,,,30/09/2026 07:22
0100ac80-abe9-40e3-87c7-3296dbcc7c44,assent.day,available,12.98,16.98,high,low,6,namecheap,,,20/09/2026 16:09
d7aa2015-884d-4838-b934-c38b32f6884e,engine.day,premium,499.2,648.7,high,low,6,unstoppable,,,30/09/2026 16:04
dfdc9b64-a0b0-4bfc-bb75-9e47a7789cd3,peacefully.day,available,12.98,16.98,high,low,10,namecheap,,,15/09/2026 19:23
6ca6439f-89ca-4dc5-8b15-b6daea3ede0e,rama.day,premium,,,high,low,4,,,,27/09/2026 15:30
ee268802-569a-41e6-8eeb-35600b00f3a0,eine.day,available,10.55,10.55,medium,low,4,spaceship,,,29/09/2026 22:17
8add47d6-505a-4955-967a-c6ee7a06b21c,aerophile.day,available,12.98,16.98,medium,low,9,namecheap,,,17/09/2026 13:12
bb649441-6617-4719-b905-e3583806ce69,scholarly.day,available,12.98,16.98,high,low,9,namecheap,,,09/09/2026 23:11
b7aa35fe-5a75-4c21-b6ba-6def3d5ca4c4,blister.day,available,10.81,10.81,medium,low,7,porkbun,,,02/10/2026 01:57
cccee83b-f068-4f32-98be-60e24f69a2ac,hamilton.day,premium,133.72,133.72,high,medium,8,spaceship,,,28/09/2026 20:18
8b37f8dc-62a7-445c-804d-b36badc2f2fd,beat.day,premium,257.92,257.92,high,low,4,spaceship,,,29/09/2026 18:38
392cfcb1-c928-4f52-a903-31dae7e53c6d,resolutely.day,available,12.98,16.98,medium,low,10,namecheap,,,14/09/2026 11:12
f4723474-80fd-40f3-882f-3a59b36cce40,rag.day,premium,76.7,76.7,high,low,3,namecheap,,,24/09/2026 12:22
cac25e13-975a-4f7b-9169-9aa85480dbf5,punches.day,available,14,,low,low,7,unstoppable,,,29/09/2026 05:46
c5abcc41-d683-49ef-b6c0-2ff4a213ae18,luanda.day,available,12.98,16.98,medium,low,6,namecheap,,,19/09/2026 06:58
d4964f05-7bbf-4eff-9b21-0b59d2f89765,cuneiform.day,available,12.98,16.98,medium,low,9,namecheap,,,13/08/2026 10:34
2e197664-f344-44b1-8907-e41f06926b9a,tossed.day,available,10.2,10.2,low,low,6,cloudflare,,,28/09/2026 13:08
30d0a692-6fc9-4af9-bd2a-90a9c3fb0e51,cationic.day,available,12.98,16.98,medium,low,8,namecheap,,,11/08/2026 22:07
be87d1ae-08aa-4cb0-8938-b4709cf51a89,jamesian.day,available,12.98,16.98,medium,low,8,namecheap,,,22/08/2026 12:13
9ced3c69-8810-4cb1-86f9-0ee39454c9bc,pettifog.day,available,12.98,16.98,medium,low,8,namecheap,,,23/09/2026 13:20
42d0ff5f-e4d9-44d9-8565-0b4b25ea7261,pinochle.day,available,19.99,19.99,medium,low,8,name.com,,,23/09/2026 12:19
5846debc-39d9-477f-9edd-18be26040f30,bazar.day,premium,167.7,167.7,high,low,5,namecheap,,,22/09/2026 18:23
a23cc7ab-5ff0-4636-ba00-aaf5003bf524,moslem.day,available,12.98,16.98,high,low,6,namecheap,,,22/08/2026 10:47
d4a328f9-80ba-4840-a08f-3f8b92a115b2,alkalizer.day,available,12.98,16.98,medium,low,9,namecheap,,,
d2a42f48-7a39-4db4-ab7a-da48fffea342,vanished.day,available,12.98,16.98,medium,low,8,namecheap,,,13/09/2026 01:09
b6e7e001-0407-47eb-9c31-0b1c79dcbfa4,dotted.day,available,19.99,19.99,medium,low,6,name.com,,,13/08/2026 18:28
ad887b40-3bf5-42ba-beca-44090fca61c7,sinatra.day,available,12.98,16.98,high,low,7,namecheap,,,29/09/2026 18:57
f6f02665-41b8-4ddc-b83a-7d34095731c6,pumping.day,available,12.98,16.98,high,low,7,namecheap,,,17/09/2026 18:09
824ac11e-0ace-49b9-9222-2452f1cc2950,separable.day,available,12.98,16.98,medium,low,9,namecheap,,,14/08/2026 12:50
6f7e7e2d-2b29-4b8a-9aab-ab32df4f1e25,spiked.day,available,12.98,16.98,high,medium,6,namecheap,,,10/09/2026 15:37
94054249-729c-482e-9635-5f9508fef306,substances.day,available,10.2,10.2,medium,low,10,cloudflare,,,29/09/2026 22:58
16994b31-1004-4274-90a6-000db84918ec,stabilize.day,available,10.55,10.55,high,low,9,spaceship,,,30/09/2026 03:14
369981c3-2994-4db7-88b2-ff6309dbc94b,waverly.day,available,14,,medium,low,7,unstoppable,,,29/09/2026 10:04
5e86dfa4-c1ae-429e-8427-0d9d8169de2e,bennet.day,available,12.98,16.98,high,low,6,namecheap,,,23/09/2026 08:30
8d94c13e-654b-44c0-bd83-9be6fad495ca,capsulated.day,available,12.98,16.98,medium,low,10,namecheap,,,11/08/2026 18:12
d737f93f-bca9-4a8c-89bd-5929f590cc91,bodyguard.day,premium,37.7,37.7,high,low,9,namecheap,,,24/09/2026 06:33
5b6be6cb-4902-4bfc-a1a7-9e1e1b75f4ac,furnishings.day,available,12.98,16.98,high,low,11,namecheap,,,16/09/2026 18:36
690f1185-d81d-4e9e-b59d-4036147bd2cd,umbilical.day,available,12.98,16.98,high,low,9,namecheap,,,11/09/2026 23:00
14cbbb6e-452a-4e5f-bcab-e8ddd67f3309,carob.day,available,12.98,16.98,medium,low,5,namecheap,,,18/09/2026 06:50
73a725b0-47ae-4cbe-b368-81d02edd1b53,wisdoms.day,available,12.98,16.98,medium,low,7,namecheap,,,21/09/2026 10:19
7b6c41af-5756-4dcc-b4e5-230391eeba9c,placing.day,available,10.55,10.55,medium,low,7,spaceship,,,28/09/2026 21:04
992502e7-f290-49ea-81a2-5730e3a458c1,clad.day,available,12.98,16.98,high,low,4,namecheap,,,12/08/2026 09:13
85620ca5-7fdf-43b1-b940-42a0dd8ee05b,kobe.day,premium,,,high,low,4,,,,28/09/2026 02:14
e605b8ac-311a-48ec-bad1-b35401738819,occupying.day,available,10.55,10.55,low,low,9,spaceship,,,30/09/2026 23:24
583f9610-0af3-4554-acc0-6415831116af,camouflage.day,available,10.2,10.2,high,low,10,cloudflare,,,29/09/2026 06:05
04f706c7-4dc8-465c-8d3c-2cf960a3f9ff,connoisseur.day,available,10.81,10.81,high,low,11,porkbun,,,29/09/2026 02:31
2e1b09ad-ec71-4922-a356-f6784df58813,papaw.day,available,12.98,16.98,medium,low,5,namecheap,,,20/09/2026 14:12
38f0712b-0ebe-4f12-b483-c050ae64309e,bap.day,premium,76.7,76.7,high,low,3,namecheap,,,22/09/2026 03:20
5bee6f24-2057-4d33-b10b-35ef21827ba1,gorilla.day,premium,61.27,61.27,high,low,7,spaceship,,,28/09/2026 14:20
7556a0b5-e953-4ce4-a6bc-37436cfeddbe,translucent.day,available,14,,high,low,11,unstoppable,,,01/10/2026 22:29
b73d94ad-08d3-4870-9791-187fbf78ecb5,flashes.day,available,10.81,10.81,medium,low,7,porkbun,,,29/09/2026 10:47
f122836b-e325-4a0c-9776-c12872bc4d63,flaws.day,available,10.2,10.2,medium,low,5,cloudflare,,,29/09/2026 17:49
b52a8dd8-8376-4ed0-a517-789ceca87335,disappointing.day,available,10.81,10.81,medium,low,13,porkbun,,,28/09/2026 07:09
0d98f150-60c4-4aaf-b2ca-d91ad98dafb1,bechamel.day,available,19.99,19.99,medium,low,8,name.com,,,22/09/2026 22:33
301804fd-02b3-4b9b-8ec6-01c5643975b0,permission.day,premium,37.7,37.7,high,low,10,namecheap,,,25/09/2026 09:53
d775049b-6ea1-4062-a63b-d64e768b36b5,perforate.day,available,12.98,16.98,high,low,9,namecheap,,,08/09/2026 16:54
05d23a53-6eea-46df-9012-928384060be6,tahiti.day,premium,29.2,,high,low,6,unstoppable,,,29/09/2026 20:28
0df7fdba-d7e9-40e3-8301-06fb6d29ae79,specifics.day,available,10.55,10.55,medium,low,9,spaceship,,,29/09/2026 17:04
ec5edb4c-c608-4760-8048-40a135498f1d,native.day,premium,323.7,323.7,high,low,6,namecheap,,,03/09/2026 13:45
20746b18-2a38-4cf5-bc46-ad684ae0cf4a,cranial.day,available,12.98,16.98,medium,low,7,namecheap,,,13/08/2026 04:49
a362b2f9-83d6-4af7-8f8b-44ef7336c408,telltale.day,available,12.98,16.98,high,low,8,namecheap,,,11/09/2026 10:35
15424d67-2d9b-4d37-bee2-dfc8c15f03af,sensibly.day,available,12.98,16.98,medium,low,8,namecheap,,,16/09/2026 00:35
29ee5ca3-7f1b-44eb-9f52-7dbd594b3799,twenty.day,premium,76.7,76.7,high,low,6,namecheap,,,21/09/2026 12:24
826379a5-4677-4ff9-8c74-804827a85ec6,rinpoche.day,available,10.55,10.55,medium,low,8,spaceship,,,01/10/2026 23:21
4cf1b452-5e7b-408e-b398-3e0436f21b93,dac.day,premium,59.2,,high,low,3,unstoppable,,,30/09/2026 12:44
ff0fb60d-6bf1-4e56-ab7e-ce9493db8d7e,spirits.day,premium,36.25,,high,low,7,name.com,,,29/09/2026 03:40
71edac7e-35c1-48f2-b6f6-1e6ce4499949,pacify.day,available,12.98,16.98,high,low,6,namecheap,,,18/08/2026 22:00
f156a869-2848-4965-8b9a-2dad0401e740,feline.day,available,12.98,16.98,high,low,6,namecheap,,,18/08/2026 00:53
7210e25e-1082-4c0b-950e-1ac558d33f6d,collection.day,premium,257.92,257.92,high,low,10,spaceship,,,02/10/2026 04:23
33e4d0bd-9992-401a-afa2-a3d139e14705,backyard.day,premium,73.75,73.75,high,low,9,name.com,,,21/09/2026 16:22
3798b6d9-eca5-4796-a271-5c38a65cf23c,donkeywork.day,available,12.98,16.98,medium,low,10,namecheap,,,08/09/2026 21:22
003b11c9-55ad-4707-8109-a2a242428e79,fortuitous.day,available,12.98,16.98,high,low,10,namecheap,,,18/08/2026 12:43
41f475b3-20b7-4d0a-8147-00eaf2dc0904,cuddles.day,available,12.98,16.98,medium,low,7,namecheap,,,21/09/2026 08:38
e15a4f3d-9c98-4a8e-b57c-410635c134cd,uneven.day,available,12.98,16.98,high,low,6,namecheap,,,04/09/2026 00:48
2ff82183-0050-4509-8159-0abf9fcfab97,voluptuary.day,available,12.98,16.98,medium,low,10,namecheap,,,24/08/2026 12:27
fb75e9b4-269e-4777-8855-4258885e84ee,franchise.day,premium,167.7,167.7,high,low,9,namecheap,,,24/09/2026 21:02
f96832ae-9760-40ce-b2ed-135df4659994,climate.day,premium,161.25,,high,medium,7,name.com,,,29/09/2026 10:05
296611bf-6507-40d9-89e1-e181fb799ff4,uneasy.day,available,12.98,16.98,medium,low,6,namecheap,,,21/08/2026 19:45
06bd3399-2abe-4a4f-95ed-74ab5d0d6726,painting.day,premium,323.7,323.7,high,low,8,namecheap,,,25/09/2026 07:33
966090f3-3be0-4f9e-a84c-e68dafe378f3,diocletian.day,available,12.98,16.98,medium,low,10,namecheap,,,30/09/2026 16:59
7274f8f1-d01d-4b14-8f8d-935e2a11bcaf,alary.day,available,12.98,16.98,medium,low,5,namecheap,,,
4c0c46e5-2e97-4d80-b4ef-1f6e867f56a6,housebound.day,available,12.98,16.98,medium,low,10,namecheap,,,21/08/2026 10:56
c2368f05-30a2-452d-8362-2f318098e146,nijmegen.day,available,10.55,10.55,medium,low,8,spaceship,,,01/10/2026 21:08
e58590ed-029a-4a95-b93f-e09c88ce0b3e,swore.day,available,12.98,16.98,medium,low,5,namecheap,,,28/09/2026 04:28
a3b39762-5dbc-4519-84df-57c98571d17f,sensate.day,available,12.98,16.98,high,low,7,namecheap,,,10/09/2026 03:44
4414ff0a-c5aa-4781-b5be-13557e13df1d,wallis.day,premium,37.7,37.7,medium,low,6,namecheap,,,27/09/2026 07:14
10886b16-b933-4060-a3cc-390ad71b11a9,pocketable.day,available,12.98,16.98,medium,low,10,namecheap,,,08/09/2026 22:20
221a0a85-0a30-48c2-9ca4-971223a7d4f6,plant.day,premium,648.7,648.7,high,low,5,namecheap,,,25/09/2026 07:48
468c042e-21bf-44aa-a78e-781ef8e1249a,materials.day,premium,133.72,133.72,medium,low,9,spaceship,,,28/09/2026 12:42
2bd513d0-b0b4-468d-aaaf-aed3b9fe51c0,clinically.day,available,10.2,10.2,medium,low,10,cloudflare,,,28/09/2026 13:58
797bf38c-0ce6-4db2-987e-db32f94e1b96,alice.day,premium,648.7,648.7,high,medium,5,namecheap,,,25/09/2026 13:23
e3b3bc17-3ac2-4d04-8e5f-48f7894a648c,record.day,premium,648.7,648.7,high,low,6,namecheap,,,24/09/2026 19:29
a1da7377-ac25-4067-b88e-4f13833a5eec,namur.day,available,10.55,10.55,medium,low,5,spaceship,,,30/09/2026 18:07
1db14dfd-e957-4d11-bbab-6b21aa977e7c,outlandish.day,available,12.98,16.98,medium,low,10,namecheap,,,10/08/2026 10:37
64870838-e153-49e0-8be4-61af7545fb0d,holborn.day,available,10.55,10.55,medium,low,7,spaceship,,,02/10/2026 00:45
cabb6352-62aa-4437-b021-0a202bcee922,bonanza.day,premium,,,high,low,7,,,,02/10/2026 04:07
5b2edd1c-50c4-4cdd-9625-6e1e4acd9533,recklessly.day,available,12.98,16.98,medium,low,10,namecheap,,,15/09/2026 22:49
ea2849a6-3e30-4c7c-9702-52ceec9890f7,fatefully.day,available,12.98,16.98,medium,low,9,namecheap,,,14/09/2026 17:53
418833dd-f422-4272-8ba5-6c39b3c4ebbc,severus.day,available,14,,high,low,7,unstoppable,,,30/09/2026 05:41
37d2e261-8be4-4baa-80e3-bc09830136c4,kieran.day,available,14,,high,low,6,unstoppable,,,01/10/2026 08:33
b5a401a1-6bf1-4933-8e4e-9fd55a83af08,chelonian.day,available,12.98,16.98,low,low,9,namecheap,,,12/08/2026 04:08
51e721aa-a3ed-4499-aa83-59bc5c66d9b8,bespoke.day,premium,73.75,73.75,high,low,7,name.com,,,09/08/2026 17:25
7ccc7703-ac51-4ac0-b627-e640edecc73e,spenser.day,available,10.55,10.55,medium,low,7,spaceship,,,29/09/2026 12:09
c0d35be5-e780-4dba-93bd-d3f7676633e2,ruffianly.day,available,12.98,16.98,high,medium,9,namecheap,,,09/09/2026 19:19
3f47f2cd-d7ef-4649-b020-92ba7e5c5710,azeri.day,available,12.98,16.98,high,low,5,namecheap,,,21/09/2026 11:12
773d278c-8080-4eb2-88a1-dfe1468e1432,bears.day,premium,73.75,,high,low,5,name.com,,,
e6c1f4a2-9d2d-4899-b3e0-fa81ac59f667,balancing.day,available,12.98,16.98,high,low,9,namecheap,,,21/09/2026 20:56
262ba8a7-c281-4cf6-a92b-0752e49c70ce,feisty.day,available,12.98,16.98,high,low,6,namecheap,,,18/08/2026 00:45
c4393f02-a1fd-414d-9c2b-21ad1006c943,backchat.day,available,12.98,16.98,medium,low,8,namecheap,,,21/09/2026 15:20
69786bb5-855f-4259-8e9a-81f08440ca4c,stertorous.day,available,12.98,16.98,low,low,10,namecheap,,,10/09/2026 20:21
da0150c2-fb42-4455-92d5-ee51f11152fc,ponders.day,available,12.98,16.98,medium,low,7,namecheap,,,18/09/2026 02:06
a17cf095-d036-49ad-aff4-6fb306a003ad,throat.day,available,12.98,16.98,high,low,6,namecheap,,,26/09/2026 00:01
555568a3-6266-486f-bb0b-0759c1a126de,brumal.day,available,12.98,16.98,medium,low,6,namecheap,,,11/08/2026 06:36
a0cc5a03-64fd-45d1-87ec-a5fa59a3a989,martyr.day,available,10.55,10.55,high,low,6,spaceship,,,29/09/2026 13:23
a5eb6154-9216-4636-9dd6-f822790cfa07,basketful.day,available,12.98,16.98,medium,low,9,namecheap,,,22/09/2026 11:27
4799ade7-12d9-4a72-817a-d38e793a8033,venerating.day,available,12.98,16.98,high,low,10,namecheap,,,09/09/2026 16:09
7be2527a-97d3-4ec5-ab58-c953ffe8443a,explicit.day,premium,36.25,36.25,high,low,8,name.com,,,17/08/2026 18:24
5de5a1b0-11b6-45b0-b7f6-8ec596d7f530,mechanized.day,available,12.98,16.98,medium,low,10,namecheap,,,19/09/2026 16:26
8b83ed00-8ea8-48fb-b319-2841ac6406b3,jaffa.day,available,10.2,10.2,high,low,5,cloudflare,,,29/09/2026 13:12
76650e20-a9f1-4909-8ad7-274fdd71c1fa,outpouring.day,available,12.98,16.98,high,low,10,namecheap,,,22/09/2026 07:58
282feab8-c18e-4535-8bbd-64df9b5dc9c5,barrage.day,available,12.98,16.98,medium,low,7,namecheap,,,22/09/2026 07:57
3bcc47ce-8b29-47ac-bd4e-3fffb5951b2f,conscious.day,premium,37.7,37.7,high,low,9,namecheap,,,23/09/2026 20:38
4e6fd398-5ce1-4528-b3af-7c407b89641b,saddle.day,available,14,,high,low,6,unstoppable,,,29/09/2026 02:22
65f0aa9a-8c45-4f37-a551-f72ad055aadd,vaccine.day,premium,37.7,37.7,high,low,7,namecheap,,,29/09/2026 02:28
856d10c4-bf7a-47a5-886e-7727fe86b665,spherical.day,available,12.98,16.98,high,low,9,namecheap,,,08/08/2026 10:21
26bce37f-7c6e-4d09-ad56-085e98a5c6c0,eulogistic.day,available,12.98,16.98,medium,low,10,namecheap,,,16/08/2026 23:07
14561ed0-1eac-46d4-be35-e19d3dc76558,andrey.day,premium,,,high,low,6,,,,29/09/2026 15:52
4afc6488-df7b-4470-8e3c-5e11469f7965,drool.day,available,12.98,16.98,high,low,5,namecheap,,,21/09/2026 23:48
5673f704-203e-4d04-adae-02f88593fb0e,buttermilk.day,available,12.98,16.98,high,low,10,namecheap,,,24/09/2026 11:20
c26216f4-799d-431f-ae52-c92c407b726e,untainted.day,available,12.98,16.98,medium,low,9,namecheap,,,10/09/2026 18:22
f0fa4b77-f7e2-4f04-9ebc-e136bc607367,conspicuous.day,available,12.98,16.98,medium,low,11,namecheap,,,29/09/2026 03:02
b319f1cd-92d9-460a-9e1b-3b46d987b917,barnet.day,available,10.2,10.2,medium,low,6,cloudflare,,,28/09/2026 20:56
6b6234e9-deec-48ae-9746-b227e2dd468d,lms.day,premium,61.27,61.27,high,low,3,spaceship,,,29/09/2026 15:35
881ffeaa-07fa-4be1-925a-d5d170c75b18,privy.day,available,12.98,16.98,high,low,5,namecheap,,,09/09/2026 02:12
93d78506-75ee-4f37-84d4-dd524fb9cc08,modify.day,premium,30.22,30.22,high,low,6,spaceship,,,29/09/2026 06:19
3bfc6f65-c6c5-47d4-8191-73b1bf579277,mtn.day,premium,61.27,61.27,high,medium,3,spaceship,,,01/10/2026 07:21
30f3327c-36d7-449f-9d69-900358b4545a,nationals.day,available,10.81,10.81,high,medium,9,porkbun,,,29/09/2026 17:35
c3e8c340-8059-4b20-a88d-ff380fa7eed8,anatomic.day,available,12.98,16.98,medium,low,8,namecheap,,,
42c83d79-ba45-4745-a3cc-11dc45938cce,roadman.day,available,12.98,16.98,medium,low,7,namecheap,,,21/09/2026 18:08
e86406ac-0e9e-4b8b-9c87-e116d1697714,superhuman.day,available,12.98,16.98,high,low,10,namecheap,,,11/09/2026 02:16
c995325f-9cdc-485e-887a-16028dc58b33,meshes.day,available,10.55,10.55,low,low,6,spaceship,,,01/10/2026 18:22
7cb8cc2b-cbae-4618-a7dd-402a7157fd4e,kickshaw.day,available,19.99,19.99,medium,low,8,name.com,,,13/08/2026 15:56
00f10eef-437e-469c-a146-f0c95ca87a0a,tangent.day,available,14,,high,low,7,unstoppable,,,01/10/2026 04:00
4584d8bd-2597-4030-99e5-0c76ccd4f634,parkes.day,available,14,,medium,low,6,unstoppable,,,29/09/2026 22:23
bd9f5559-2f53-4f81-b671-119c2613f342,dentate.day,available,12.98,16.98,medium,low,7,namecheap,,,14/08/2026 01:57
52f314db-0777-451c-ab82-356abe43f02b,ablution.day,available,12.98,16.98,medium,low,8,namecheap,,,16/09/2026 16:14
f6510fd3-bf1f-43f3-bec1-b22e08baf860,headed.day,available,12.98,16.98,high,low,6,namecheap,,,21/08/2026 01:51
c85d78d8-2f75-4daa-b69e-162aa1393855,venereal.day,available,12.98,16.98,medium,low,8,namecheap,,,18/08/2026 21:42
d6301aaa-622a-4df4-8df0-fa7a357ac9d8,collapsing.day,available,12.98,16.98,low,low,10,namecheap,,,20/09/2026 17:39
25d65f9f-6e3b-4bf7-a78a-c766275eedd5,shrewdness.day,available,12.98,16.98,high,low,10,namecheap,,,20/09/2026 18:18
77092a52-d641-4ce2-9427-677b977a630d,flatness.day,available,12.98,16.98,medium,low,8,namecheap,,,24/08/2026 17:17
ef2c5685-43eb-4963-b4e4-e0878a9c318e,wider.day,available,10.2,10.2,medium,low,5,cloudflare,,,29/09/2026 04:55
ebf83936-e44e-4793-aeba-4f7fede94801,eurasian.day,available,12.98,16.98,high,low,8,namecheap,,,17/08/2026 14:26
c363fe15-f18b-4d84-a010-ca502f923b2d,scripted.day,available,10.81,10.81,high,low,8,porkbun,,,27/09/2026 18:42
4960a5cd-ec55-4557-b2a0-5fe07e3300a9,verdict.day,available,12.98,16.98,high,low,7,namecheap,,,27/09/2026 03:56
a0c8e7a2-840a-4094-9bc3-5cde4dfb76f5,silkily.day,available,12.98,16.98,medium,low,7,namecheap,,,16/09/2026 01:51
3423b3a5-7f3d-46ba-a8fd-0911e1860de0,perot.day,available,10.55,10.55,medium,low,5,spaceship,,,01/10/2026 15:27
ca01da0f-e7d9-4f23-b33f-ce3fd72b9f35,disrespect.day,available,14,,high,low,10,unstoppable,,,29/09/2026 15:36
db00b319-4e71-4293-b146-e948aa6c95dc,unwoven.day,available,12.98,16.98,medium,low,7,namecheap,,,12/09/2026 22:51
2a6f6e68-ec17-4141-a1d2-965a7cd11295,myths.day,available,14,,medium,low,5,unstoppable,,,30/09/2026 00:32
fa14a216-4560-4ad8-8721-acc86b15e9d3,playacting.day,available,12.98,16.98,medium,low,10,namecheap,,,
1ef7161a-fafc-4165-8801-a33b8779a644,marginally.day,available,12.98,16.98,medium,low,10,namecheap,,,15/09/2026 13:29
890d08fe-cdf1-4261-a8b5-3e4539070b88,warranty.day,premium,61.27,61.27,high,low,8,spaceship,,,29/09/2026 21:39
c2880406-2780-4234-9177-7196625fcb1d,past.day,premium,323.7,323.7,high,low,4,namecheap,,,27/09/2026 02:57
2cf4a864-87f6-4207-a6bf-3ebcd4cc4d34,ovular.day,available,12.98,16.98,medium,low,6,namecheap,,,04/09/2026 22:12
429a55df-f6e0-4487-8e66-59bfbc6742a7,outspread.day,available,12.98,16.98,high,low,9,namecheap,,,04/09/2026 19:47
b12031c3-a3d1-4e93-9302-042beaed8f14,muscle.day,premium,167.7,167.7,high,low,6,namecheap,,,24/09/2026 08:22
afd5d7a4-7f09-47f3-aa14-43e4ad22f390,brandy.day,premium,76.7,76.7,high,low,6,namecheap,,,24/09/2026 08:12
5658131b-f7e2-490f-a6bd-b1714923a202,cordially.day,available,12.98,16.98,medium,low,9,namecheap,,,14/09/2026 08:43
98f556ab-b951-4794-a2ec-693ef36faa64,lock.day,premium,323.7,323.7,high,low,4,namecheap,,,29/09/2026 23:33
cf099ed0-2f84-40ff-8951-54156d49e978,fade.day,premium,30.22,30.22,high,low,4,spaceship,,,28/09/2026 05:41
783b7a75-e3cc-4036-a69c-c8dbacf12aab,indians.day,premium,30.22,30.22,high,medium,7,spaceship,,,28/09/2026 23:09
76255f8d-3cdf-4ef5-ab2e-0c4d22e11499,abasia.day,available,12.98,16.98,medium,low,6,namecheap,,,16/09/2026 14:05
8d09ed62-5506-4bd0-ae81-c739fe5d778a,anonym.day,available,12.98,16.98,medium,low,6,namecheap,,,19/09/2026 11:37
0e1124d5-057c-4688-8f2b-badfa6e09750,guantanamo.day,available,12.98,16.98,medium,low,10,namecheap,,,28/09/2026 09:58
c55f6a49-6b49-4c00-8cbf-a75e2c12e5bc,stimulate.day,available,10.55,10.55,high,low,9,spaceship,,,29/09/2026 02:44
27a93d1d-640f-41a8-80df-82a36716730c,crime.day,premium,323.7,323.7,high,low,5,namecheap,,,24/09/2026 19:24
ea416ae8-cde0-4874-8b88-a59d464d475a,intend.day,available,12.98,16.98,high,low,6,namecheap,,,25/09/2026 18:20
4604197e-729c-428f-bfab-34e66481afc7,michaels.day,premium,,,high,high,8,,,,27/09/2026 22:11
74da7045-ba65-4f18-9822-e72862f98dd7,pimply.day,available,12.98,16.98,medium,low,6,namecheap,,,
d8bdf24a-eed5-4434-9acc-83901b569a00,welcomed.day,available,14,,high,low,8,unstoppable,,,29/09/2026 08:42
11ed8570-9d98-48a2-815d-934c8bb2e023,weakness.day,available,12.98,16.98,medium,low,8,namecheap,,,17/08/2026 20:45
76bbbac1-ed5c-425a-a96f-1ec634f10149,piggy.day,premium,36.25,36.25,high,low,5,name.com,,,21/08/2026 10:19
7b53aa04-3c6c-4d47-9cde-f91f30b12c16,enhanced.day,premium,73.75,73.75,high,low,8,name.com,,,17/08/2026 08:25
bdd76577-5ad0-4b88-9258-8be6243ace74,actively.day,available,10.55,10.55,medium,low,8,spaceship,,,28/09/2026 11:44
3530f283-c801-4c51-8c74-65302ea6ebce,arcade.day,available,,,high,low,6,,,,20/09/2026 01:36
da503902-f04d-46cf-842b-cddfb2cd6b56,swim.day,premium,167.7,167.7,high,low,4,namecheap,,,28/09/2026 02:10
d833af75-0c11-435c-8a8d-ce9319f93c17,olaf.day,premium,30.22,30.22,medium,low,4,spaceship,,,28/09/2026 07:48
fa851c38-0d1b-4fd8-8aa3-b9afe394c2bc,sanitised.day,available,12.98,16.98,high,medium,9,namecheap,,,09/09/2026 21:18
35990314-00be-401d-a22d-9f8e396215f4,fettered.day,available,12.98,16.98,medium,low,8,namecheap,,,18/08/2026 02:54
7c0e7186-2f0a-4c6f-8297-f3dc1c383d09,windup.day,available,12.98,16.98,high,low,6,namecheap,,,13/09/2026 12:18
d30bbb2b-0fff-4f36-b665-aa5e9789fa44,justification.day,available,16.98,,medium,low,13,namecheap,,,
49f8a694-7c73-45b1-8b7f-bfa360ba8064,but.day,premium,648.7,648.7,high,low,3,namecheap,,,25/09/2026 12:23
d413fcfb-2289-4e11-8d84-8960ca07a86b,trondheim.day,available,10.55,10.55,high,low,9,spaceship,,,29/09/2026 13:33
2cdcdb56-ec16-4d44-916b-c86086bffc42,sharing.day,premium,257.92,257.92,high,low,7,spaceship,,,27/09/2026 20:29
87286f44-f8ab-4ee9-b6df-cfb3b535917a,shaving.day,premium,37.7,37.7,medium,low,7,namecheap,,,28/09/2026 20:07
55014e61-d7c2-4c3d-8332-14b952dca00f,gsa.day,premium,61.27,61.27,high,low,3,spaceship,,,29/09/2026 07:03
40152074-79a5-4ee2-ab11-e1d4df4095f8,axis.day,premium,257.92,257.92,high,medium,4,spaceship,,,28/09/2026 23:58
937fc612-1ddf-4e1b-b615-f904e8109706,silvan.day,available,12.98,16.98,medium,low,6,namecheap,,,19/09/2026 11:29
e9819475-25df-4b3b-a132-8320c6eadfc1,damnably.day,available,19.99,19.99,low,low,8,name.com,,,13/08/2026 16:35
2e53f23c-b6bd-4f74-9214-ae7f739aad53,rear.day,premium,37.7,37.7,high,low,4,namecheap,,,22/09/2026 19:06
07e820ac-064e-4970-b8e4-b229741dc067,verbosely.day,available,12.98,16.98,medium,low,9,namecheap,,,15/09/2026 12:43
e62bc5db-41a2-4562-aaeb-b2f24f7af35f,unfinished.day,available,12.98,16.98,high,low,10,namecheap,,,12/09/2026 10:17
06e8b5b1-657f-4dbc-a96e-bddb4ef38c64,hedonistic.day,available,12.98,16.98,medium,low,10,namecheap,,,21/08/2026 05:56
2e9f4023-9ac6-4cc9-a141-946da065fe0c,receiving.day,available,10.55,10.55,high,low,9,spaceship,,,27/09/2026 17:11
2199ceaa-3290-433b-88c0-70f173de1734,cripple.day,available,12.98,16.98,medium,low,7,namecheap,,,22/08/2026 18:58
293c3511-42c0-4865-88fa-6cd0a36b04a3,soliciting.day,available,12.98,16.98,medium,low,10,namecheap,,,01/10/2026 06:10
89cca25f-b8ff-4bfb-b159-d12ae5d0a3fe,bigamist.day,available,12.98,16.98,medium,low,8,namecheap,,,23/09/2026 15:02
bd523422-a99c-4e9f-8167-98eaaf40629a,abridged.day,available,12.98,16.98,high,low,8,namecheap,,,
ea78ab61-b603-4ec3-b049-f69d1cde878d,chan.day,premium,167.7,167.7,high,low,4,namecheap,,,25/09/2026 11:12
c602d681-44d2-4648-bcdb-d3b8b7cd7af5,topology.day,available,12.98,16.98,high,low,8,namecheap,,,19/09/2026 01:59
1cb62635-aa58-4465-993a-3416f6e711a5,grandfathers.day,available,12.98,16.98,medium,low,12,namecheap,,,20/09/2026 22:52
c04c3fa3-e041-4ee8-98e5-3e0277dbd692,dating.day,premium,1091.09,1091.09,high,low,6,porkbun,,,29/09/2026 13:14
7523e4e0-bbb3-4b24-9a1c-5d4f465fa6d8,risking.day,available,10.2,10.2,medium,low,7,cloudflare,,,30/09/2026 04:11
70cec98a-55cf-4721-bf2b-feba9d71b026,heist.day,available,12.98,16.98,high,low,5,namecheap,,,20/09/2026 06:36
5dc81ae5-f34f-4e96-89ed-e69c14377496,infrequent.day,available,12.98,16.98,medium,low,10,namecheap,,,22/08/2026 04:50
429e23b4-a7e3-43af-89f0-28acc766a77d,allamerican.day,available,10.55,10.55,high,low,12,spaceship,,,01/10/2026 22:44
eedcfe14-2e7b-4365-8a7c-63ad0f8263a6,amc.day,premium,323.7,323.7,high,medium,3,namecheap,,,25/09/2026 14:08
216c515d-8943-499c-b30c-cb7efb23ecf7,scalable.day,available,12.98,16.98,high,low,8,namecheap,,,09/09/2026 22:15
19fa52b5-634f-4973-99a5-e34498b22e61,snowed.day,available,12.98,16.98,medium,low,6,namecheap,,,20/09/2026 16:23
f60ae1a2-dff8-49bb-903b-41fb588cda20,nutritious.day,available,19.99,19.99,high,low,10,name.com,,,19/09/2026 11:02
a3144889-f6f1-42c0-b4db-e71c7708f1d7,strips.day,available,12.98,16.98,medium,low,6,namecheap,,,20/09/2026 02:09
7fc321cb-64ff-4a75-83de-0129b016fddf,gia.day,premium,648.7,648.7,high,low,3,namecheap,,,20/09/2026 06:34
5cbe8abf-e3cc-48b3-85c9-fbfcb32eb720,seeker.day,premium,30.22,30.22,high,low,6,spaceship,,,30/09/2026 18:24
42f6ce2a-c593-4606-b92a-c48eb6ec7509,fulbright.day,available,12.98,16.98,high,low,9,namecheap,,,27/09/2026 04:04
feb73b48-ceec-431e-bb07-b9092be1dcc3,curvy.day,premium,36.25,36.25,high,low,5,name.com,,,10/08/2026 20:32
178b4c10-1dfe-4843-ae52-d99a525d3808,bascule.day,available,12.98,16.98,medium,low,7,namecheap,,,22/09/2026 09:54
536e228a-f0bc-4794-9918-6ed865f99d14,enactment.day,available,12.98,16.98,medium,low,9,namecheap,,,17/09/2026 04:06
ba00e779-2c39-4af9-a125-8524c1982de8,disguised.day,available,12.98,16.98,medium,low,9,namecheap,,,12/08/2026 11:30
a5eb1b77-ae11-4ec2-bb09-08c90b58bf34,squared.day,premium,37.7,37.7,high,low,7,namecheap,,,10/09/2026 17:27
c38ddffd-d4d1-4964-be7c-9d3ba5751cb9,mph.day,premium,133.72,133.72,high,low,3,spaceship,,,30/09/2026 02:18
60825598-6dc4-4557-9ba7-3e9e61205e98,abducent.day,available,12.98,16.98,medium,low,8,namecheap,,,
41f6775a-f71f-48e5-8d35-18a00dcf1e93,reinforce.day,available,10.55,10.55,high,low,9,spaceship,,,29/09/2026 20:46
590a6059-aa64-40e2-ab74-92b04ebf4195,khz.day,premium,76.7,76.7,high,low,3,namecheap,,,25/09/2026 08:09
2ff3434c-bbba-46b6-8095-1dd2504acc81,protozoan.day,available,12.98,16.98,medium,low,9,namecheap,,,09/09/2026 04:12
578e5ad8-0189-4227-bca7-70065d460b12,managers.day,premium,37.7,37.7,medium,low,8,namecheap,,,20/09/2026 10:01
7c3282d1-b55d-4416-9bf5-76fa5911033c,belarusian.day,available,12.98,16.98,medium,low,10,namecheap,,,09/08/2026 12:32
2e29b6d6-caa5-4bb0-92c0-2739df783927,selenium.day,available,12.98,16.98,medium,low,8,namecheap,,,20/09/2026 22:53
503a11e2-bb0e-4996-b012-744d4b07b890,acridid.day,available,12.98,16.98,medium,low,7,namecheap,,,17/09/2026 02:59
75014bb2-8fe8-4735-af93-b7a8b6e7e8c0,waters.day,premium,73.75,,high,low,6,name.com,,,28/09/2026 21:01
68b79b76-b730-4aa4-840a-51f76bb6d322,resulting.day,available,10.55,10.55,high,low,9,spaceship,,,29/09/2026 10:42
0b99a6d4-3990-4523-bfc6-b0f7732ee4d4,refreshed.day,available,12.98,16.98,high,low,9,namecheap,,,25/09/2026 11:08
4c0dac6b-b105-4032-8e5c-7fca70de78d8,dedicated.day,premium,76.7,76.7,high,low,9,namecheap,,,23/09/2026 20:41
4a9d2123-ac0b-4368-92ec-bb5125257f31,peters.day,premium,,,medium,low,6,,,,28/09/2026 17:25
8680484a-2696-4a07-a36b-7e51a5459e4e,gasoline.day,available,10.55,10.55,high,low,8,spaceship,,,27/09/2026 13:38
f2d815fe-3bdf-481b-a5c2-8fb702d9380e,bombs.day,available,12.98,16.98,medium,low,5,namecheap,,,25/09/2026 21:33
07d0bb1a-f73b-4289-b77d-1da2646b09e3,runners.day,available,12.98,16.98,high,low,7,namecheap,,,18/09/2026 06:01
1a4b566c-9bb7-4eb0-8f86-79bf58b43d4a,rts.day,premium,59.2,,high,low,3,unstoppable,,,29/09/2026 14:51
82a19133-a965-4826-b406-8d3f474dfbd6,lifetime.day,premium,129.2,167.7,medium,low,8,unstoppable,,,29/09/2026 16:16
d4d67a2f-a9ad-4475-a68c-7755951036e2,ballade.day,available,12.98,16.98,medium,low,7,namecheap,,,21/09/2026 22:41
5c60ad86-3a2e-4c90-8702-8c7a43d72609,veterinary.day,premium,37.7,37.7,high,low,10,namecheap,,,13/09/2026 05:00
185e02ef-2e4c-41b6-a194-a6dcaee02f75,madrid.day,premium,257.92,257.92,high,low,6,spaceship,,,29/09/2026 06:59
7216c655-501b-41c0-a5a3-188bb8b06116,boreas.day,available,12.98,16.98,medium,low,6,namecheap,,,03/09/2026 21:36
30eec4c2-498e-4415-bfb6-9c1276db02f4,rationalism.day,available,10.81,10.81,high,low,11,porkbun,,,30/09/2026 05:54
e7e457da-7620-41fc-9f4a-a52ad0393f3f,drummond.day,available,12.98,16.98,medium,low,8,namecheap,,,25/09/2026 15:26
9b6aa365-d7ec-44c8-8dcb-f50cd0aa4107,escapes.day,available,12.98,16.98,medium,low,7,namecheap,,,29/09/2026 05:18
bd2ce2c0-4d76-42de-9914-7f374811428c,buffet.day,premium,76.7,76.7,high,low,6,namecheap,,,19/09/2026 17:05
3ec99e39-ccdb-474f-b6d1-d038977e30eb,bounder.day,available,12.98,16.98,medium,low,7,namecheap,,,24/09/2026 02:20
ffcd17eb-a243-4d65-a5ed-4eb0e4b2ada1,collapsed.day,available,12.98,16.98,low,low,9,namecheap,,,20/09/2026 18:10
2faffc34-d482-4cca-bd24-cdac94dc7e61,rawson.day,available,10.2,10.2,medium,low,6,cloudflare,,,30/09/2026 21:33
03ae8444-4608-4d00-a409-83322649a48e,beaten.day,available,12.98,16.98,medium,low,6,namecheap,,,09/08/2026 05:47
fb5fd11f-2d73-401f-94fe-f40923b90526,horsehead.day,available,12.98,16.98,medium,low,9,namecheap,,,20/09/2026 21:40
d70de92e-6796-4f17-85af-d2973292f45c,seaborgium.day,available,12.98,16.98,medium,low,10,namecheap,,,20/09/2026 22:06
be3af99f-3f18-4e8c-bdb7-b2fe7deb67f1,would.day,premium,36.25,,high,low,5,name.com,,,30/09/2026 21:57
925be6e4-6eb7-4d55-b6d1-e672701294af,aspirator.day,available,12.98,16.98,medium,low,9,namecheap,,,20/09/2026 15:23
d94f5d97-767a-4bf7-9962-34c2376d2919,recruiting.day,premium,30.22,30.22,high,low,10,spaceship,,,28/09/2026 21:30
fe0b9169-5907-4b5c-aa9e-da3b013fa1de,meld.day,available,19.99,19.99,high,low,4,name.com,,,22/09/2026 11:20
cf2347f0-cdf7-4d6e-8d7c-e43948b063df,privately.day,available,12.98,16.98,high,low,9,namecheap,,,15/09/2026 04:43
5473791d-1e70-4c03-86f2-ed4be8f70038,surfers.day,premium,37.7,37.7,medium,low,7,namecheap,,,20/09/2026 02:01
99da01a4-e0e7-44ce-856c-943c84874caf,songs.day,premium,648.7,648.7,high,low,5,namecheap,,,25/09/2026 19:03
0e7b3d0d-2d4a-44cf-a110-a2ec977ac492,sumatran.day,available,12.98,16.98,high,low,8,namecheap,,,11/09/2026 01:31
b4689a41-4469-4e62-9293-7a8fb86138ac,sluggish.day,available,12.98,16.98,medium,low,8,namecheap,,,10/09/2026 11:29
53b51c3b-3d22-4c3a-824c-f72f251d3188,judith.day,premium,,,high,low,6,,,,28/09/2026 05:18
b6dca8ad-6aba-4546-9b0b-6cb8b1c9202a,bitten.day,available,10.55,10.55,low,low,6,spaceship,,,29/09/2026 10:18
2bf44793-6249-491b-b57b-9b852b5073e5,etiolate.day,available,12.98,16.98,medium,low,8,namecheap,,,17/08/2026 13:53
a33ab3fd-e45f-4852-9392-09a0fbb3c246,lyman.day,available,12.98,16.98,medium,low,5,namecheap,,,27/09/2026 08:10
0a2d4536-4e00-4578-afd7-6c9438dd5a1f,shoreward.day,available,12.98,16.98,medium,low,9,namecheap,,,22/08/2026 07:00
ab4dc539-138e-4f50-aaae-df6feba97a0d,idiopathic.day,available,12.98,16.98,medium,low,10,namecheap,,,21/08/2026 18:09
ac4ce254-2dec-47ae-8eb1-0079701da00c,cicero.day,available,10.2,10.2,high,low,6,cloudflare,,,29/09/2026 18:19
dc3faec1-35ab-43b0-83d8-79db1601401c,limply.day,available,12.98,16.98,medium,low,6,namecheap,,,15/09/2026 12:20
cf37fded-f283-4a7b-8e19-7bfe848dd208,acorn.day,premium,37.7,37.7,high,low,5,namecheap,,,17/09/2026 02:18
26d65a03-7a2b-425a-b602-f515369cf076,nixon.day,premium,,,high,low,5,,,,28/09/2026 10:34
4f459ab0-263f-43a9-afd8-dc2245a0c37b,drawers.day,available,14,,high,low,7,unstoppable,,,29/09/2026 06:06
5cd4c0a9-d2dc-4ae1-8670-ceea59a83c52,maturity.day,available,12.98,16.98,high,low,8,namecheap,,,17/09/2026 10:27
6a58cbf5-1e36-4f66-8b29-89bba86615dc,undecided.day,available,12.98,16.98,high,low,9,namecheap,,,04/09/2026 14:20
4765413e-9934-49a9-86db-d8167fa58063,aphakia.day,available,12.98,16.98,medium,low,7,namecheap,,,19/09/2026 16:51
c6e80b00-5953-482a-95d9-42ee5d357b93,borne.day,available,16.98,,medium,low,5,namecheap,,,
0af845d1-f8b5-45db-b6ba-6476108db524,dependent.day,available,12.98,16.98,high,low,9,namecheap,,,14/08/2026 02:06
d052d5d1-a6f1-48fc-b78e-278e8f7f8a84,inglewood.day,available,10.2,10.2,medium,low,9,cloudflare,,,30/09/2026 13:40
d0c74548-f662-473b-9f2e-0947a9a1fa6f,disks.day,available,12.98,16.98,medium,low,5,namecheap,,,18/09/2026 11:49
61d6f19d-c789-452d-bde5-cc76742f74c7,abbie.day,available,10.81,10.81,high,low,5,porkbun,,,02/10/2026 00:07
0adfa035-7687-4cab-b685-a85bf65870ee,clams.day,available,12.98,16.98,high,low,5,namecheap,,,24/09/2026 06:47
2134c185-a298-4321-9de5-e116103695c8,acarus.day,available,12.98,16.98,medium,low,6,namecheap,,,16/09/2026 21:38
760a1a94-019a-4d05-96f8-d2ae38170e40,lloyd.day,premium,76.7,76.7,high,low,5,namecheap,,,25/09/2026 06:57
e5ec6d6b-1bb4-44ea-9484-270b6c65d3c3,waged.day,available,10.55,10.55,low,low,5,spaceship,,,01/10/2026 18:17
2faf81e3-4b44-4b0e-aab5-7de160785c64,components.day,premium,61.27,61.27,medium,low,10,spaceship,,,29/09/2026 16:20
332f98cf-215c-4855-9d54-67d54cf826be,tellingly.day,available,12.98,16.98,medium,low,9,namecheap,,,16/09/2026 08:14
62d4d0a2-2d56-4537-96ac-4164b10ef567,eagle.day,premium,323.7,323.7,high,low,5,namecheap,,,23/09/2026 20:02
0790390e-4c45-42e1-950d-255c91600882,managerial.day,available,12.98,16.98,high,low,10,namecheap,,,24/08/2026 14:32
868c5a12-0f18-43d7-9881-3028f23e952f,eliminate.day,available,10.55,10.55,high,low,9,spaceship,,,30/09/2026 15:03
8d544b9a-c988-4b79-b44a-09cd81f7c81c,recreational.day,available,12.98,16.98,high,low,12,namecheap,,,29/09/2026 10:15
05f2507c-28fb-4454-9229-b9a1e6c81bcd,multiphase.day,available,12.98,16.98,medium,low,10,namecheap,,,03/09/2026 10:50
a36cdaa8-f5b9-4691-b7d6-5019381d1a3f,jeffery.day,available,10.81,10.81,medium,low,7,porkbun,,,29/09/2026 09:37
5824d9d0-e692-4905-8164-2483edcb3acb,brevard.day,available,10.55,10.55,medium,low,7,spaceship,,,01/10/2026 11:57
23dc2d54-af86-43eb-88f4-7935434dd2fe,advisement.day,available,12.98,16.98,medium,low,10,namecheap,,,17/09/2026 11:32
6df33c25-258d-49f7-a58b-e08dea16d128,whopping.day,available,12.98,16.98,medium,low,8,namecheap,,,08/08/2026 13:14
d5a97685-6386-4220-b136-a2bd24b27783,crybaby.day,available,12.98,16.98,medium,low,7,namecheap,,,23/09/2026 06:47
f1f1f712-309d-4e36-a4e6-69c7366a01c3,mississauga.day,available,12.98,16.98,high,low,11,namecheap,,,30/09/2026 21:22
1f27b1b9-d4fe-4cf6-a5ef-eab3f97b4246,blm.day,premium,61.27,61.27,high,low,3,spaceship,,,29/09/2026 09:47
df8e0178-98d8-426f-90eb-6b6f1d1a6ec4,gerry.day,available,12.98,16.98,medium,low,5,namecheap,,,25/09/2026 15:41
16eb9e64-4454-4105-8ad0-4c18acf67abb,concepts.day,premium,59.2,,medium,low,8,unstoppable,,,29/09/2026 22:50
cd5137f9-1624-44c2-a0f1-264c37e304ae,fuckster.day,available,14,,medium,low,8,unstoppable,,,02/10/2026 05:00
a99a728e-8e57-42d3-b52b-dc5654f9c222,judge.day,premium,167.7,167.7,high,low,5,namecheap,,,25/09/2026 05:43
389955f3-c245-456c-b387-c8c584220476,kpa.day,premium,61.27,61.27,medium,low,3,spaceship,,,28/09/2026 16:13
0124bbce-569b-4480-bf15-cb67ac246300,tornados.day,available,12.98,16.98,medium,low,8,namecheap,,,16/09/2026 14:12
36577bc2-134d-42c5-aba4-ca13019461ed,pellucid.day,available,12.98,16.98,high,low,8,namecheap,,,13/08/2026 09:44
e8b92db4-7f70-4416-a5d0-de31a601182e,shivering.day,available,12.98,16.98,high,medium,9,namecheap,,,10/09/2026 06:40
6b6c7d17-fd1c-4935-95aa-4b696d53b0f3,kilmarnock.day,available,10.81,10.81,high,low,10,porkbun,,,01/10/2026 07:24
005ad994-1630-42d0-bd36-4c2254c4bbed,mundane.day,available,12.98,16.98,high,low,7,namecheap,,,17/08/2026 14:55
1d8f2418-455f-4b15-a44f-824c8133c516,xinhua.day,available,14,,high,low,6,unstoppable,,,30/09/2026 05:40
33abea5c-dafb-4dca-8806-dd63e5255ac1,pak.day,premium,129.2,,high,low,3,unstoppable,,,28/09/2026 03:33
e35c9c98-0e99-478a-8828-7369f43a0265,fulgent.day,available,12.98,16.98,medium,low,7,namecheap,,,10/08/2026 13:45
a82ae205-803d-4814-87ca-b6f6c0ae18ca,impetuous.day,available,12.98,16.98,medium,low,9,namecheap,,,11/08/2026 01:36
e3fc9bb4-549e-4af7-bf0d-dd79d376ed71,ambystoma.day,available,12.98,16.98,medium,low,9,namecheap,,,18/09/2026 17:36
38e812a5-98ca-4e91-a547-1bc7f85a66c2,mike.day,premium,623.75,,high,medium,4,name.com,,,30/09/2026 04:19
c42bdf1c-8b9d-48ea-bf6f-d42789c57291,stormbound.day,available,12.98,16.98,low,low,10,namecheap,,,10/09/2026 21:22
efbb5177-6f37-4ed7-b1fe-9dff7cffd3eb,frontward.day,available,12.98,16.98,medium,low,9,namecheap,,,18/08/2026 12:50
1718c595-fc05-4669-acab-9feb8b1368ac,skint.day,available,12.98,16.98,medium,low,5,namecheap,,,11/08/2026 05:21
c5c4aa27-a81e-4fa7-bd62-c6b0fdba32c4,metabolous.day,available,12.98,16.98,medium,low,10,namecheap,,,24/08/2026 21:28
42231e3d-e786-4e6d-b608-ffb4f69dc29a,menu.day,premium,648.7,648.7,high,medium,4,namecheap,,,29/09/2026 02:40
d1fac340-3d75-4177-a2fb-2c4ef23dc9d1,metaphoric.day,available,12.98,16.98,medium,low,10,namecheap,,,24/08/2026 21:45
48908626-e2b1-405e-90f0-89501e5eae12,vicinal.day,available,12.98,16.98,medium,low,7,namecheap,,,13/09/2026 05:27
9190dd87-8e6f-496d-9a4f-441aababa131,behaviour.day,available,12.98,16.98,high,low,9,namecheap,,,23/09/2026 03:08
144bbce3-25fa-4a2d-ba50-2ae0b7e9285c,terminals.day,available,10.2,10.2,medium,low,10,cloudflare,,,02/10/2026 03:04
521676ec-8ad4-462c-990f-fa49c894d098,eparchial.day,available,12.98,16.98,medium,low,9,namecheap,,,17/08/2026 10:12
24211521-c401-4470-95d0-d3c05636f684,pharaoh.day,available,10.55,10.55,high,low,7,spaceship,,,30/09/2026 10:51
772bd149-9b5e-49f3-a8a9-2214d796bcd8,belfast.day,premium,37.7,37.7,high,low,7,namecheap,,,23/09/2026 04:55
c2afbbbf-d14a-433b-8726-7001187a42e6,brandon.day,premium,167.7,167.7,high,low,7,namecheap,,,27/09/2026 07:31
788e672b-6f4a-4e18-9676-02cea58bd4fb,amazons.day,available,12.98,16.98,medium,low,7,namecheap,,,21/09/2026 05:29
f897d09a-b7f3-43c9-9311-8bad381a8d39,katrina.day,premium,61.27,61.27,high,low,7,spaceship,,,29/09/2026 09:26
24facacd-ae64-4a42-813d-487eb4c45f78,radicals.day,available,10.2,10.2,low,low,8,cloudflare,,,01/10/2026 18:35
e700e649-4bdc-4dad-94e7-f7677130ee9f,dendritic.day,available,12.98,16.98,medium,low,9,namecheap,,,14/08/2026 01:48
29c00320-73f6-4b79-978e-00f99a5662d1,footle.day,available,12.98,16.98,medium,low,6,namecheap,,,11/09/2026 08:27
f880da43-8e32-4d9e-8b89-037a6974e7b5,belching.day,available,12.98,16.98,medium,low,8,namecheap,,,23/09/2026 04:36
8ff72eaf-ca24-4d5e-aee4-3d5463167c5a,ricky.day,premium,61.27,61.27,high,low,5,spaceship,,,27/09/2026 19:08
2c5d6140-445b-49d0-89c8-07ef3699e097,ramayana.day,available,10.2,10.2,medium,low,8,cloudflare,,,01/10/2026 21:26
0ece57d8-e39f-43a6-8a58-e9cfe6aedea6,dolce.day,premium,76.7,76.7,high,low,5,namecheap,,,14/09/2026 13:39
7c26b2d4-52bf-4aed-bbbf-ba3d0e774056,lined.day,available,12.98,16.98,medium,low,5,namecheap,,,23/08/2026 14:17
5ba8b759-4ef6-4ae1-8e7f-21c8ebe35443,shove.day,available,10.55,10.55,high,low,5,spaceship,,,30/09/2026 11:14
345174d5-a6ee-49e5-8645-b92cbd92654a,trough.day,available,10.55,10.55,high,low,6,spaceship,,,30/09/2026 17:31
d8d57a1e-2578-4278-86f0-ce4a7e260a89,luo.day,premium,59.2,,high,low,3,unstoppable,,,29/09/2026 07:30
2647568c-12ed-4435-9d57-caf6b29c340b,synoptical.day,available,12.98,16.98,medium,low,10,namecheap,,,11/09/2026 06:35
8e2eb930-a9bc-482a-96ed-727d7a786134,sloped.day,available,12.98,16.98,medium,low,6,namecheap,,,07/08/2026 04:26
f8af5423-10a0-417f-ba4a-17b6a5e208bc,governance.day,premium,36.25,36.25,high,low,10,name.com,,,20/08/2026 17:22
380291b2-8ce9-4e75-9479-d5eb4965e395,wide.day,premium,516.67,516.67,high,low,4,spaceship,,,02/10/2026 00:19
6709dd49-1143-43f2-b0d6-5f8cef87d476,divers.day,premium,29.2,,high,low,6,unstoppable,,,01/10/2026 09:26
15108fb4-608b-4d11-a7ea-5d744ca3ebb9,markham.day,available,10.55,10.55,high,low,7,spaceship,,,27/09/2026 20:59
0b5b8b24-74e7-4a45-a273-e1a9fbeb84c9,dragged.day,available,12.98,16.98,medium,low,7,namecheap,,,27/09/2026 10:34
f99a66bb-a77b-482b-9fae-bc333335d1d3,objections.day,available,10.55,10.55,low,low,10,spaceship,,,28/09/2026 13:15
975a5d24-1046-49b8-a43c-10e0b4b6d776,lxv.day,premium,73.75,73.75,medium,low,3,name.com,,,
1fb29d1f-cd65-4211-bf83-bb4e867861e7,unequalled.day,available,12.98,16.98,high,low,10,namecheap,,,12/09/2026 09:11
14721a13-b4b3-4733-a495-354057b55387,automatism.day,available,12.98,16.98,medium,low,10,namecheap,,,21/09/2026 06:59
f3a4c86e-11d8-4ba7-b95b-e52b356d3118,diagnose.day,available,12.98,16.98,high,low,8,namecheap,,,30/09/2026 19:11
b85be251-8e9a-4b45-a045-867f10783578,auteur.day,available,12.98,16.98,high,low,6,namecheap,,,21/09/2026 05:06
6e97dbaf-ca4d-48c3-b857-95f743ced894,pours.day,available,12.98,16.98,medium,low,5,namecheap,,,18/09/2026 07:35
f4fa944b-7ecc-45b2-9be0-7aa6918ab59d,rollers.day,available,10.2,10.2,medium,low,7,cloudflare,,,30/09/2026 16:24
8a165e70-02bf-4296-a2db-e1255131ad94,abilene.day,available,12.98,16.98,high,low,7,namecheap,,,16/09/2026 15:54
e01733f6-e067-46dc-a65e-6e1953724c45,aery.day,available,12.98,16.98,high,low,4,namecheap,,,
d97953e2-0513-4e36-b0aa-697e4c8cce4c,take.day,premium,516.67,516.67,high,low,4,spaceship,,,27/09/2026 19:44
ae8af2d5-c0dc-46d7-a9d1-4de502a1847e,hobson.day,available,10.2,10.2,medium,low,6,cloudflare,,,28/09/2026 12:14
78751c83-9fa2-462e-82e5-61330791a060,evangeline.day,available,14,,high,low,10,unstoppable,,,30/09/2026 21:10
6115a96d-2197-43af-a965-c7bb84ea044e,runs.day,premium,76.7,76.7,high,low,4,namecheap,,,17/09/2026 13:37
dabe934f-5818-4b77-86e6-a6bfd6c43d18,algometric.day,available,12.98,16.98,medium,low,10,namecheap,,,
1e624c9b-eb5d-4ba5-914d-dfd9d2711aaf,limber.day,available,12.98,16.98,high,low,6,namecheap,,,23/08/2026 11:08
6a14bd19-029b-4768-949f-9b8465e41d49,wenatchee.day,available,10.2,10.2,medium,low,9,cloudflare,,,02/10/2026 01:11
485a2412-b744-4777-a30f-ae817586ec2b,cloves.day,available,12.98,16.98,medium,low,6,namecheap,,,17/09/2026 13:15
8ebfcc1e-9678-4c0a-baef-cb85b5c5ff7b,southward.day,available,12.98,16.98,high,medium,9,namecheap,,,10/09/2026 14:49
062c90f6-8786-4c92-89f5-79185246226a,hawkes.day,available,10.55,10.55,high,low,6,spaceship,,,29/09/2026 15:44
4b9170a6-27d1-4775-abf8-b6fc6170e9b9,thirdly.day,available,12.98,16.98,medium,low,7,namecheap,,,11/09/2026 13:39
6e2ffcea-0510-4179-9649-8cdc6c392df7,innocence.day,available,10.2,10.2,high,low,9,cloudflare,,,28/09/2026 22:20
171bc860-c10c-4202-9b71-43591d457698,tetanic.day,available,12.98,16.98,medium,low,7,namecheap,,,11/09/2026 12:08
d72dd436-ef21-4a73-9c04-b5c5c69960b5,plank.day,premium,30.22,30.22,medium,low,5,spaceship,,,29/09/2026 01:50
a65afb01-d87e-48de-b315-c59b8722697a,rigorously.day,available,12.98,16.98,medium,low,10,namecheap,,,15/09/2026 23:46
b0af5189-e59e-4d48-953b-355e4ff817f3,revealing.day,available,10.55,10.55,high,low,9,spaceship,,,27/09/2026 13:41
82734c7a-ad40-4422-b345-f91c4afb06da,briary.day,available,12.98,16.98,medium,low,6,namecheap,,,08/08/2026 17:02
a6663127-93e7-4c9c-8dbe-a6b52b21d1e7,allosaurus.day,available,12.98,16.98,medium,low,10,namecheap,,,18/09/2026 12:05
09dd788c-4b5c-4411-8de4-bc3860300660,victorious.day,available,12.98,16.98,high,low,10,namecheap,,,13/09/2026 05:28
d38e2d4b-607c-4b06-ad68-0fd049e830f0,saltish.day,available,12.98,16.98,high,medium,7,namecheap,,,09/09/2026 20:57
2015f337-5d6b-4afe-8f41-773d894a612a,marshes.day,available,14,,medium,low,7,unstoppable,,,02/10/2026 03:37
792cc160-4cb3-4bfb-99bb-c95dd2ef9d1e,orientation.day,available,10.2,10.2,medium,low,11,cloudflare,,,28/09/2026 22:40
8a7106f4-6a8c-4fbe-b389-8035a6a3e39d,drawback.day,available,12.98,16.98,medium,low,8,namecheap,,,24/09/2026 23:54
91647591-f85c-40cf-a63e-2b4f2ea64631,lxxv.day,available,12.98,16.98,medium,low,4,namecheap,,,
24fa82d8-5279-4564-a11f-a4a361b74e8b,clutch.day,premium,61.27,61.27,high,low,6,spaceship,,,28/09/2026 09:23
c3063ade-3c91-48c0-85ee-51a44b76ca27,intensely.day,available,12.98,16.98,high,low,9,namecheap,,,15/09/2026 08:54
53de8ff5-0cd3-458a-b8a1-a6831b47df55,kira.day,premium,,,high,low,4,,,,01/10/2026 06:42
0b0a7a34-29e5-464c-a92f-6816a77c709a,volunteering.day,available,12.98,16.98,high,low,12,namecheap,,,17/09/2026 09:33
ed9cfb83-1744-40a4-827a-98ca2ef0cc51,ice.day,premium,648.7,648.7,high,medium,3,namecheap,,,19/09/2026 17:13
1a2eedda-2687-4cf2-85af-b1744dace66e,december.day,premium,648.7,648.7,high,low,8,namecheap,,,24/09/2026 21:09
4ab49cff-864c-4e7d-840c-dc9881924a3a,ferny.day,available,12.98,16.98,medium,low,5,namecheap,,,18/08/2026 02:00
119708c6-9957-4dfc-88a8-0ad9800ede8a,batty.day,available,12.98,16.98,medium,low,5,namecheap,,,06/08/2026 20:35
30106aef-34ce-434a-923b-f43491e6405e,tandem.day,premium,76.7,76.7,high,low,6,namecheap,,,15/09/2026 06:56
f9e177a2-4c16-485f-9003-b3678fd82536,acorus.day,available,12.98,16.98,medium,low,6,namecheap,,,17/09/2026 02:25
60b80259-f597-4dc6-880d-803aea329295,occasionally.day,available,10.55,10.55,high,low,12,spaceship,,,27/09/2026 17:20
9a0a044d-8511-4bb5-8691-dcfe5edb80d9,underling.day,available,12.98,16.98,medium,low,9,namecheap,,,11/09/2026 00:39
6f331465-34d4-44d9-96d0-f3c8ca1a87ce,amnio.day,available,19.99,19.99,medium,low,5,name.com,,,18/09/2026 22:23
cce198ef-7a0a-4f21-96ce-0b3c4ee3430a,reflexion.day,available,12.98,16.98,high,low,9,namecheap,,,03/09/2026 11:28
38e3f85a-9ecf-4f98-951e-91abfed3e081,samarium.day,available,12.98,16.98,medium,low,8,namecheap,,,20/09/2026 23:24
487acfbf-9c46-49a0-868e-486e7d23694e,rainforest.day,premium,37.7,37.7,high,low,10,namecheap,,,01/10/2026 21:25
90fcaa42-093f-4b59-83cd-fc9b21de32d6,improver.day,available,12.98,16.98,high,low,8,namecheap,,,21/08/2026 14:58
bcf64580-ef65-4c20-8e4a-b24e5fc1c0cf,bind.day,premium,76.7,76.7,high,low,4,namecheap,,,22/09/2026 00:54
5ba9ee5e-f54c-4e69-87e2-a3c24efacfc0,toothed.day,available,12.98,16.98,medium,low,7,namecheap,,,17/08/2026 12:41
b02b8d5d-b9ef-4c09-9406-5afe68315542,aeroplane.day,available,12.98,16.98,high,low,9,namecheap,,,08/09/2026 20:39
9f03735c-5fa1-42b2-b4a0-33b74130aff1,jekyll.day,available,10.55,10.55,medium,low,6,spaceship,,,02/10/2026 01:06
98270975-9652-4f9a-87eb-54e78c4ba5ed,accessed.day,available,10.55,10.55,medium,low,8,spaceship,,,29/09/2026 16:22
4f68ff9a-0a42-40d7-bfa9-83a2ceb508ca,oxycontin.day,available,12.98,16.98,medium,low,9,namecheap,,,20/09/2026 00:25
58ad4d04-1ad1-483b-8ddf-4943aa341d04,scheduled.day,premium,257.92,257.92,high,low,9,spaceship,,,27/09/2026 18:26
4958f65d-eefd-4112-b69e-794c1619d0ef,broom.day,available,12.98,16.98,high,low,5,namecheap,,,24/09/2026 10:47
6a6b31ce-c305-4bde-967c-3862992e2951,dionysius.day,available,10.2,10.2,medium,low,9,cloudflare,,,29/09/2026 06:39
f436881f-c6fb-48fc-ba8e-818e69d1ed82,thirsty.day,available,10.55,10.55,high,low,7,spaceship,,,28/09/2026 09:14
bcf4607b-9056-4417-bae3-7b8070f63e3b,stubbornly.day,available,12.98,16.98,medium,low,10,namecheap,,,14/09/2026 10:12
664cb684-3d7a-469c-b8fa-d1106af6e1f0,triumphant.day,available,12.98,16.98,high,low,10,namecheap,,,17/08/2026 19:56
9eaf79b4-1192-4851-95bc-887c9ee803ac,shaking.day,available,10.81,10.81,medium,low,7,porkbun,,,28/09/2026 09:33
29a8a8f7-75c6-43ff-8fe1-b9d1fa75cb4e,aliraq.day,available,12.98,16.98,medium,low,7,namecheap,,,18/09/2026 00:54
57c2d772-c607-40a5-84b0-56edfa752978,benthos.day,available,12.98,16.98,medium,low,7,namecheap,,,23/09/2026 08:45
16562c92-5dc9-49f8-bf93-60ef5b2c21dc,patristic.day,available,12.98,16.98,medium,low,9,namecheap,,,08/09/2026 10:38
72226f92-3dac-430c-b8ee-4c43561c9a10,knot.day,premium,61.27,61.27,high,low,4,spaceship,,,28/09/2026 19:37
36d30f34-9c5f-44bd-a3ee-20aa7a00f28d,tuition.day,premium,37.7,37.7,high,low,7,namecheap,,,28/09/2026 15:30
7f7c2314-641b-4feb-87eb-36183c25f54a,crow.day,premium,73.75,73.75,high,low,4,name.com,,,11/08/2026 00:56
7906456c-95de-494a-aa2b-e59ebf92543f,sheared.day,available,12.98,16.98,high,medium,7,namecheap,,,10/09/2026 06:10
7b2a86e1-8d83-47a8-ac05-6c8eec0190bf,blende.day,available,19.99,19.99,medium,low,6,name.com,,,24/09/2026 05:43
56f067fb-8bac-4981-8785-71c74f77201e,blueness.day,available,12.98,16.98,high,low,8,namecheap,,,10/08/2026 15:51
3e9d81db-e2aa-4357-a218-3133c9fa368f,hackensack.day,available,10.55,10.55,medium,low,10,spaceship,,,30/09/2026 05:39
c3aeadc0-bbb6-445c-9337-5c28d951f674,inhabitant.day,available,19.99,19.99,high,low,10,name.com,,,24/09/2026 21:51
f2b1f579-19aa-4389-ad0c-950965ceea69,aloe.day,premium,76.7,76.7,high,low,4,namecheap,,,18/09/2026 12:59
608e04d9-68a0-4d18-be9f-d5185bca0692,talismanic.day,available,12.98,16.98,medium,low,10,namecheap,,,11/09/2026 07:30
0ae8e3c9-6b47-4095-942f-739c326caeca,stomach.day,available,12.98,16.98,high,low,7,namecheap,,,16/09/2026 14:47
41243d64-5d7c-4eb9-a270-8db58b3c3c74,yamani.day,available,12.98,16.98,medium,low,6,namecheap,,,17/09/2026 20:29
3b3f6ed7-69d6-48dd-aa22-ce1fc879f0c6,este.day,premium,30.22,30.22,high,low,4,spaceship,,,29/09/2026 15:17
202389be-c974-474a-9db5-1d60620b6930,forget.day,premium,61.27,61.27,medium,low,6,spaceship,,,30/09/2026 15:44
44d674ff-be72-4039-ad51-4fd4fb48d6b1,pda.day,premium,76.7,76.7,high,low,3,namecheap,,,01/10/2026 21:15
7ba56dcc-6e1e-4dc5-bc25-c49e038a16b3,plier.day,available,10.2,10.2,medium,low,5,cloudflare,,,30/09/2026 07:03
8d583dc8-3976-40fe-a5b6-ba4c2999d0f6,sources.day,premium,167.7,167.7,medium,low,7,namecheap,,,17/09/2026 22:23
5542e973-13ab-4b37-b1d6-f19c315a106b,hitting.day,available,12.98,16.98,high,low,7,namecheap,,,25/09/2026 07:22
131285dd-3f79-4426-8083-540884a6010e,hoarfrost.day,available,12.98,16.98,medium,low,9,namecheap,,,21/08/2026 10:07
d9b0a5f3-bbd7-40cc-bb81-9e801c667496,harm.day,premium,36.25,36.25,high,low,4,name.com,,,08/09/2026 07:44
e878587a-e5f9-450b-bac1-34039cbbde73,geothermal.day,available,12.98,16.98,high,low,10,namecheap,,,18/08/2026 22:39
a62742ab-c2ee-4606-ae92-6286883d997a,weather.day,premium,1298.7,1298.7,high,medium,7,namecheap,,,23/09/2026 02:29
a490b14f-19e5-4127-bb19-95fe88993c2a,unco.day,available,12.98,16.98,medium,low,4,namecheap,,,15/09/2026 23:08
7806a337-01bd-49d4-b072-54ccc53fadbf,tannenberg.day,available,12.98,16.98,medium,low,10,namecheap,,,22/09/2026 16:05
2b1e8451-a477-41d9-b727-9209a448f134,serbian.day,available,12.98,16.98,high,low,7,namecheap,,,10/09/2026 04:33
9b4f3ba5-c57f-4194-b126-135f4866284f,printer.day,premium,545.26,545.26,high,low,7,porkbun,,,28/09/2026 15:08
392a7605-fc7d-4a2e-987b-6fbd93b0c3e3,jugular.day,available,12.98,16.98,medium,low,7,namecheap,,,22/08/2026 14:16
760a1ab5-f353-4685-8860-73c13adfc99d,anemometry.day,available,12.98,16.98,medium,low,10,namecheap,,,19/09/2026 05:18
ba53bbdc-6b35-453c-aeae-527da293c739,mitt.day,available,12.98,16.98,medium,low,4,namecheap,,,22/09/2026 10:08
515661b5-1c87-45d3-9dda-77e7c88fdc6f,carnage.day,available,10.2,10.2,medium,low,7,cloudflare,,,02/10/2026 04:17
6a02a385-95c9-4c43-be4a-3a79a98e6ab9,kilogramme.day,available,10.55,10.55,medium,low,10,spaceship,,,30/09/2026 23:59
731d9e4a-de85-45b8-adb5-859ae09ad9ce,divinely.day,available,12.98,16.98,medium,low,8,namecheap,,,14/09/2026 13:27
13fcdb32-8742-47b2-8a6a-bcbf1e62ee96,perimeter.day,available,10.2,10.2,high,low,9,cloudflare,,,28/09/2026 01:41
8bb75ee4-b79d-476c-937d-2af235a50c92,undone.day,available,12.98,16.98,medium,low,6,namecheap,,,11/09/2026 01:55
2b8871ff-014c-407b-8645-03198985c588,fiscal.day,premium,76.7,76.7,high,low,6,namecheap,,,19/09/2026 10:22
d19e6f14-7284-4bd9-8f4a-9e8e11f67806,monogenic.day,available,12.98,16.98,medium,low,9,namecheap,,,25/08/2026 05:13
926e4ab0-2707-4901-9f1f-871d4e26ee44,pointy.day,available,10.55,10.55,high,low,6,spaceship,,,01/10/2026 22:59
3c976de6-37a4-4e50-9150-3c96959cccb5,golf.day,premium,623.75,,high,medium,4,name.com,,,29/09/2026 20:59
5022f439-9eda-4a27-a72f-c397c279b0a7,audience.day,premium,76.7,76.7,high,low,8,namecheap,,,21/09/2026 02:53
0329b63e-cadf-4e25-bd69-74ec736c544d,mar.day,premium,648.7,648.7,high,low,3,namecheap,,,24/09/2026 05:35
9ac19aa0-a065-4ccf-b1f7-22302e09a575,nodular.day,available,12.98,16.98,medium,low,7,namecheap,,,03/09/2026 18:06
7aa55486-56db-4732-83f2-d0c5975b626c,baron.day,premium,73.75,73.75,high,low,5,name.com,,,22/09/2026 07:01
b021cba6-dcfe-4be7-a319-28304453a0a3,exclusion.day,available,14,,high,low,9,unstoppable,,,30/09/2026 17:15
04a1cb5e-2916-4391-b53f-bc7d54bb6c6a,sad.day,premium,648.7,648.7,high,low,3,namecheap,,,24/09/2026 05:55
a51e3a28-9d46-4cc4-8303-56a48f1a90bb,midwife.day,available,12.98,16.98,high,low,7,namecheap,,,16/09/2026 23:05
5986fc3a-47fa-496e-a629-7337efe14580,unbridled.day,available,12.98,16.98,high,low,9,namecheap,,,12/09/2026 04:31
b7cd8dc7-2bd5-4ded-8895-0ade534238e2,redlands.day,available,14,,high,low,8,unstoppable,,,01/10/2026 12:23
5f82f6ae-eb81-4fbf-adc9-3119862946bf,marmoreal.day,available,12.98,16.98,medium,low,9,namecheap,,,24/08/2026 16:12
46fdf7cb-a905-49f7-8553-6a853130fb56,abstracted.day,available,12.98,16.98,medium,low,10,namecheap,,,
e675355b-2100-4fef-bbc2-8b21272abe77,clustered.day,available,12.98,16.98,high,low,9,namecheap,,,
69950cd3-6ef1-4104-9da8-84e8ac8f7d0a,cabs.day,premium,30.22,30.22,medium,low,4,spaceship,,,02/10/2026 03:57
08f04402-b8a4-4918-a143-45476b200fb0,rodent.day,available,14,,medium,low,6,unstoppable,,,29/09/2026 19:04
183acb71-f9c8-4b55-92ca-5da2526fc680,manzanita.day,available,12.98,16.98,medium,low,9,namecheap,,,20/09/2026 01:04
2db83d4b-dbdd-49f4-8389-2da7e0de6d96,yards.day,available,10.2,10.2,high,low,5,cloudflare,,,29/09/2026 08:47
bf5915dd-b697-4a8e-8a8e-aa847108483d,bedder.day,available,12.98,16.98,medium,low,6,namecheap,,,22/09/2026 23:13
df3d1375-659d-46cb-82d1-598ec6d0a2c9,chr.day,premium,59.2,,medium,low,3,unstoppable,,,28/09/2026 12:07
3651dfb4-40d1-4f3f-ad4f-560a26f25640,acapnia.day,available,12.98,16.98,medium,low,7,namecheap,,,16/09/2026 21:08
225b2b9d-fa7f-497d-8f38-94cfd2e29dfe,valmy.day,available,12.98,16.98,medium,low,5,namecheap,,,22/09/2026 16:13
dcda9fde-045c-4f98-b190-fc2018733bd1,airbrake.day,available,12.98,16.98,medium,low,8,namecheap,,,17/09/2026 22:58
54511612-c6bd-4df4-a739-649cdb27c373,epstein.day,available,12.98,16.98,high,low,7,namecheap,,,27/09/2026 03:50
84d6d3b9-512c-4fbb-8553-7a3aad45947b,chained.day,available,12.98,16.98,medium,low,7,namecheap,,,12/08/2026 01:23
f59e115b-ea70-48b8-acda-500fe9db20af,astrogator.day,available,12.98,16.98,medium,low,10,namecheap,,,20/09/2026 17:41
49f79dfe-39a4-4298-a3dc-bc700d1475b2,drucker.day,available,10.55,10.55,medium,low,7,spaceship,,,02/10/2026 02:35
c8bd4007-4ae6-4cbe-a14f-371425d974a0,unclean.day,available,12.98,16.98,medium,low,7,namecheap,,,14/08/2026 09:12
33ec3ee5-3adf-4f46-a455-0d9320c1462a,uss.day,premium,76.7,76.7,high,low,3,namecheap,,,25/09/2026 13:39
c3a9ee7d-281c-4b42-a21d-690d7bbb4388,condemnation.day,available,10.55,10.55,medium,low,12,spaceship,,,30/09/2026 23:02
d1c4ff2d-050d-49d7-9a19-7a9504b6fc2e,decrease.day,available,10.55,10.55,medium,low,8,spaceship,,,29/09/2026 00:39
9a4f7284-1e56-4721-a45c-cab60aba44ac,christine.day,premium,,,high,low,9,,,,27/09/2026 19:02
b56e58ce-0c80-48de-b744-be81d92a5c6d,lumbar.day,available,12.98,16.98,high,low,6,namecheap,,,24/08/2026 11:06
6eb8e582-5725-49a7-a8d6-04a5865e7e01,serenity.day,premium,37.7,37.7,high,low,8,namecheap,,,20/09/2026 19:39
6f2d7615-1740-4273-ac2a-05e7cb1bddf0,bridgeport.day,available,10.55,10.55,high,low,10,spaceship,,,01/10/2026 18:49
3afce9e8-c684-4baf-9755-3e671cad0bed,outre.day,available,12.98,16.98,medium,low,5,namecheap,,,10/08/2026 10:39
1dbffa4b-6049-463b-be0e-761bc25015c2,infidel.day,available,12.98,16.98,medium,low,7,namecheap,,,18/08/2026 21:58
777848db-0a72-4dba-abb1-a35ce65808db,unlovable.day,available,12.98,16.98,medium,low,9,namecheap,,,12/09/2026 15:08
ccf97947-fd3c-4186-8fdc-2c4a550b01de,defiant.day,available,12.98,16.98,high,medium,7,namecheap,,,13/08/2026 23:21
2ed31ef0-5000-4027-8806-0a11f41322f5,soh.day,premium,76.7,76.7,medium,low,3,namecheap,,,16/09/2026 03:36
e7dc2f6c-1bc0-4f3f-bdee-3bbadf005e5a,troy.day,premium,133.72,133.72,high,low,4,spaceship,,,29/09/2026 19:15
edfcbbdf-fc94-4146-b535-822fbe9ca9a7,assize.day,available,12.98,16.98,medium,low,6,namecheap,,,20/09/2026 16:30
98c3cd87-6b5d-435e-8f55-eb0e9b300c48,styles.day,premium,129.2,,high,low,6,unstoppable,,,28/09/2026 22:23
01c50cf0-45d9-41d6-b633-bc03b6b87d80,champaign.day,available,12.98,16.98,medium,low,9,namecheap,,,08/09/2026 20:30
0321febc-dc03-4854-9d59-bf8455549934,anisette.day,available,12.98,16.98,medium,low,8,namecheap,,,19/09/2026 09:29
3c34838f-d06d-4470-ada2-4251007cf65d,adobo.day,available,12.98,16.98,medium,low,5,namecheap,,,17/09/2026 09:29
713105c1-9e06-4e6a-bf16-b389a6089b8a,declares.day,available,19.99,19.99,medium,low,8,godaddy,,,01/10/2026 00:10
ac9f905c-021c-40c1-b56d-fcb10ebd6c45,searchable.day,available,14,,high,low,10,unstoppable,,,30/09/2026 04:15
16bac0d9-527d-4192-bf0c-816dabd69dc0,motivate.day,available,19.99,19.99,high,low,8,name.com,,,27/09/2026 07:34
98a56b13-c7aa-450e-a01d-892b733ee9c7,adeptness.day,available,10.2,10.2,high,low,9,cloudflare,,,01/10/2026 17:12
077b6e78-5da7-4f6c-9c81-c05c5ad6d701,tactic.day,premium,32.18,32.18,high,low,6,porkbun,,,29/09/2026 07:31
ba3a3c47-b8d2-4155-8040-fed760094639,integration.day,premium,59.2,,high,low,11,unstoppable,,,29/09/2026 23:22
f64ae676-4426-47ca-9260-2014b4b14d87,centrally.day,available,12.98,16.98,medium,low,9,namecheap,,,14/09/2026 06:13
ae4ce51e-ed81-4741-99aa-aa73c1d588e2,sbs.day,premium,129.2,,high,low,3,unstoppable,,,29/09/2026 03:45
b134c8ec-40e0-4fee-8bb0-de4af2af842e,keychains.day,available,12.98,16.98,medium,low,9,namecheap,,,21/09/2026 02:44
60025e67-7a96-4b0e-b81d-63066b0f5fb3,bonneville.day,available,10.81,10.81,medium,low,10,porkbun,,,28/09/2026 16:50
041260b0-47ee-441c-9abd-2929d4a8cad0,centres.day,available,12.98,16.98,medium,low,7,namecheap,,,20/09/2026 08:17
e633eabf-c154-4417-a990-db00779ace38,abatis.day,available,12.98,16.98,medium,low,6,namecheap,,,16/09/2026 14:12
e629543f-8056-4215-8b80-6c7a3d96bba3,accountants.day,available,12.98,16.98,medium,low,11,namecheap,,,20/09/2026 02:26
7b606349-6bfa-4c82-8b6a-7c3e366eb2c5,aleutian.day,available,12.98,16.98,medium,low,8,namecheap,,,
3333c9aa-898c-48d7-9108-faf4009fd86b,evacuation.day,available,10.81,10.81,high,low,10,porkbun,,,28/09/2026 09:36
3a74b174-75de-499d-b007-448d8353cc4c,thanked.day,available,10.81,10.81,medium,low,7,porkbun,,,29/09/2026 05:27
d72690c1-711a-44a3-aa34-6a0a3acc0c9a,hampton.day,premium,76.7,76.7,high,low,7,namecheap,,,25/09/2026 06:48
fca4303e-c68a-4e4f-bd4a-3d6633e93323,binding.day,available,12.98,16.98,high,low,7,namecheap,,,22/09/2026 20:51
2ee98d3a-a61f-4929-9dc7-a5a0d3a7bda8,zooming.day,available,10.55,10.55,high,low,7,spaceship,,,01/10/2026 17:57
321317c9-b7a7-443e-b5f5-d387bf2c5add,esthetic.day,available,12.98,16.98,high,low,8,namecheap,,,21/09/2026 21:16
d8bccb1e-8c26-4a02-afd9-8a66f8b6b82c,scarlett.day,premium,36.25,,high,low,8,name.com,,,
a1eb681c-8818-4714-a5db-5d26c342ddf8,flop.day,premium,37.7,37.7,high,low,4,namecheap,,,23/09/2026 12:03
07312c29-8e58-432a-82f2-51e39eee6e8d,steroidal.day,available,12.98,16.98,medium,low,9,namecheap,,,10/09/2026 20:19
110a68a5-91ca-4943-b8f4-140d43ac8c4e,brave.day,premium,167.7,167.7,high,medium,5,namecheap,,,22/09/2026 12:10
78bf1387-62f3-47c7-8afa-4ff7438f53b0,tropic.day,premium,37.7,37.7,high,low,6,namecheap,,,11/09/2026 20:25
ac67bfef-4475-41fe-b652-8b05cb71c68f,marysville.day,available,10.55,10.55,medium,low,10,spaceship,,,30/09/2026 05:38
7c80191d-d643-45c1-8e9a-f60a9fe40005,elects.day,available,12.98,16.98,medium,low,6,namecheap,,,21/09/2026 04:31
5a5f88d5-c599-4816-9197-ca555b509cd7,schleswig.day,available,10.2,10.2,medium,low,9,cloudflare,,,30/09/2026 05:21
30de947c-e8cf-4c99-93b1-e421f1048e7f,gregor.day,available,16.98,,high,low,6,namecheap,,,
670dcb12-6664-4596-a9b7-681dde842cbf,elective.day,available,12.98,16.98,high,low,8,namecheap,,,16/08/2026 02:33
cf50f61f-152d-4b47-8610-0abf586beac8,lovesick.day,available,12.98,16.98,medium,low,8,namecheap,,,24/08/2026 10:18
46c17946-4c1b-4084-a969-867e3925e09d,orienting.day,available,12.98,16.98,high,low,9,namecheap,,,04/09/2026 17:56
6916ba34-ae45-428f-a23a-84963e399fe9,medically.day,available,12.98,16.98,medium,low,9,namecheap,,,15/09/2026 13:56
1b0d349b-ac52-45d2-9103-62ff437a612e,nolan.day,premium,37.7,37.7,high,low,5,namecheap,,,25/09/2026 15:37
bc1663f2-ae7c-4673-9f77-e9b1345e0542,parietal.day,available,12.98,16.98,medium,low,8,namecheap,,,08/09/2026 01:33
67527b6a-05bf-40c9-b45a-5e495bb38ecf,bestseller.day,available,12.98,16.98,high,low,10,namecheap,,,23/09/2026 10:31
25f82930-7e51-4190-8f0b-85492423a71e,veronica.day,premium,76.7,76.7,high,low,8,namecheap,,,30/09/2026 02:57
38655f73-3d27-41b6-bf4f-6bfc37168873,hydric.day,available,12.98,16.98,medium,low,6,namecheap,,,21/08/2026 16:23
3a06c062-ccba-4fb4-94ae-b079b189a9e3,authorities.day,available,12.98,16.98,medium,low,11,namecheap,,,27/09/2026 02:17
e12f66d2-5f31-4b7f-ae30-0204bcb676c8,mercenary.day,available,12.98,16.98,high,low,9,namecheap,,,24/08/2026 17:14
85ccae9a-51bd-4beb-a34b-67c5bfbd9ea8,territory.day,premium,37.7,37.7,high,low,9,namecheap,,,29/09/2026 16:20
e432bb57-b0e3-48e7-b1ea-4e54f0487fe0,supervise.day,available,14,,high,low,9,unstoppable,,,30/09/2026 05:05
224d30d2-0bcf-41a4-89a3-37a8d2a62f23,unschooled.day,available,12.98,16.98,medium,low,10,namecheap,,,12/09/2026 18:54
d4934914-d089-432c-a55d-2530e8d2c69b,reassigned.day,available,10.55,10.55,medium,low,10,spaceship,,,30/09/2026 16:25
769d9b4a-d5b1-4a50-8e5d-e178abce8da8,owens.day,available,10.2,10.2,high,low,5,cloudflare,,,30/09/2026 00:31
2e7ab5f3-7f09-4d30-ae90-1d9886e006d2,query.day,premium,129.2,,high,low,5,unstoppable,,,01/10/2026 19:28
f321f929-90bd-471d-b811-32f6b33b6ccb,startled.day,available,12.98,16.98,medium,low,8,namecheap,,,10/09/2026 19:00
e78e131c-24d5-4309-8e76-5267330147a6,obliging.day,available,12.98,16.98,high,low,8,namecheap,,,12/08/2026 19:27
10fc9ef3-a4a9-4e5a-a6ad-0a56fb70d579,pixilated.day,available,12.98,16.98,low,low,9,namecheap,,,09/08/2026 15:41
eff596c4-c4d3-4cef-a39f-57637ef7b034,symbol.day,premium,61.27,61.27,high,low,6,spaceship,,,28/09/2026 09:07
53aa8028-1ce6-4692-a1d8-d2dc064b9484,cased.day,available,12.98,16.98,medium,low,5,namecheap,,,11/08/2026 20:04
924ea6d4-e742-4f0b-9fd2-57b3ddef49e7,habitue.day,available,12.98,16.98,high,medium,7,namecheap,,,09/09/2026 13:03
41611f4f-858b-4eab-bc95-e024f5d7e91f,toy.day,premium,623.75,,high,low,3,name.com,,,30/09/2026 07:01
4ace39a6-ed8b-4852-88b7-2873d1c4f4a7,sociable.day,available,12.98,16.98,high,medium,8,namecheap,,,10/09/2026 13:08
2dc6d800-1d67-48c3-9cb7-7f193d27d8a1,celebrities.day,premium,,,medium,low,11,,,,28/09/2026 23:49
d8dfefb0-e4c6-4e8a-ba7c-b97c3fbdb40a,tike.day,available,12.98,16.98,medium,low,4,namecheap,,,25/08/2026 00:12
b4ef7cc6-404a-4e3a-881f-4ad7c7f1f785,osmotic.day,available,12.98,16.98,medium,low,7,namecheap,,,04/09/2026 18:15
3f2ea603-cd00-49c0-bd34-397163195efd,entrenched.day,available,12.98,16.98,medium,low,10,namecheap,,,24/09/2026 14:13
b80bb601-0c84-4050-aa31-47d44ccb2b45,hypothetical.day,available,10.2,10.2,medium,low,12,cloudflare,,,29/09/2026 02:54
c29739e6-0a2b-47bd-8ed9-32ac36c6ebfb,bows.day,available,14,,medium,low,4,unstoppable,,,30/09/2026 06:27